lyrics;details;category
দুইটি হৃদয়ে একটি আসন পাতিয়া বসো হে হৃদয়নাথ।কল্যাণকরে মঙ্গলডোরে বাঁধিয়া রাখো হে দোঁহার হাত॥প্রাণেশ, তোমার প্রেম অনন্ত   জাগাক হৃদয়ে চিরবসন্ত,যুগল প্রাণের মধুর মিলনে করো হে করুণনয়নপাত॥সংসারপথ দীর্ঘ দারুণ,   বাহিরিবে দুটি পান্থ তরুণ,আজিকে তোমার প্রসাদ-অরুণ   করুক প্রকাশ নব প্রভাত।তব মঙ্গল, তব মহত্ত্ব,   তোমারি মাধুরী, তোমারি সত্য--দোঁহার চিত্তে রহুক নিত্য নব নব রূপে দিবস-রাত॥;রাগ: সাহানাতাল: একতালরচনাকাল (বঙ্গাব্দ): 1304রচনাকাল (খৃষ্টাব্দ): 1898স্বরলিপিকার: ইন্দিরা দেবী;আনুষ্ঠানিক (anusthanik)
সুধাসাগরতীরে হে, এসেছে নরনারী সুধারসপিয়াসে॥শুভ বিভাবরী, শোভাময়ী ধরণী,নিখিল গাহে আজি আকুল আশ্বাসে॥গগনে বিকাশে তব প্রেমপূর্ণিমা,মধুর বহে তব কৃপাসমীরণ।আনন্দতরঙ্গ উঠে দশ দিকে,মন প্রাণ মগ্ন অমৃত-উচ্ছ্বাসে॥;রাগ: নায়েকী কানাড়াতাল: ধামাররচনাকাল (বঙ্গাব্দ): 1303রচনাকাল (খৃষ্টাব্দ): 1896স্বরলিপিকার: কাঙ্গালীচরণ সেন;আনুষ্ঠানিক (anusthanik)
উজ্জ্বল করো হে আজি এ আনন্দরাতিবিকাশিয়া তোমার আনন্দমুখভাতি।সভা-মাঝে তুমি আজ   বিরাজো হে রাজরাজ,আনন্দে রেখেছি তব সিংহাসন পাতি॥সুন্দর করো, হে প্রভু, জীবন যৌবনতোমারি মাধুরীসুধা করি বরিষন।লহো তুমি লহো তুলে   তোমারি চরণমূলেনবীন মিলনমালা প্রেমসূত্রে গাঁথি॥মঙ্গল করো হে, আজি মঙ্গলবন্ধনতব শুভ আশীর্বাদ করি বিতরণ।বরিষ হে ধ্রুবতারা, কল্যাণকিরণধারা--দুর্দিনে সুদিনে তুমি থাকো চিরসাথী॥;রাগ: ভূপালীতাল: অজ্ঞাতরচনাকাল (বঙ্গাব্দ): ৯ বৈশাখ, ১৩০৩রচনাকাল (খৃষ্টাব্দ): 1896;আনুষ্ঠানিক (anusthanik)
দুটি প্রাণ এক ঠাঁই তুমি তো এনেছ ডাকি,শুভকার্যে জাগিতেছে তোমার প্রসন্ন আঁখি॥এ জগতচরাচরে           বেঁধেছ যে প্রেমডোরেসে প্রেমে বাঁধিয়া দোঁহে স্নেহছায়ে রাখো ঢাকি॥তোমারি আদেশ লয়ে সংসারে পশিবে দোঁহে,তোমারি আশিস বলে এড়াইবে মায়ামোহে।সাধিতে তোমার কাজ         দুজনে চলিবে আজ,হৃদয়ে মিলাবে হৃদি তোমারে হৃদয়ে রাখি॥;রাগ: সাহানাতাল: ঝাঁপতালরচনাকাল (বঙ্গাব্দ): 1291রচনাকাল (খৃষ্টাব্দ): 1885স্বরলিপিকার: ইন্দিরা দেবী;আনুষ্ঠানিক (anusthanik)
সুখে থাকো আর সুখী করো সবে,তোমাদের প্রেম ধন্য হোক ভবে॥মঙ্গলের পথে থেকো নিরন্তর,মহত্ত্বের 'পরে রাখিয়ো নির্ভর--ধ্রুবসত্য তাঁরে ধ্রুবতারা কোরো   সংশয়নিশীথে সংসার-অর্ণবে॥চিরসুধাময় প্রেমের মিলন   মধুর করিয়া রাখুক জীবন,দুজনার বলে সবল দুজন   জীবনের কাজ সাধিয়ো নীরবে॥কত দুঃখ আছে, কত অশ্রুজল--প্রেমবলে তবু থাকিয়ো অটল।তাঁহারি ইচ্ছা হউক সফল   বিপদে সম্পদে শোকে উৎসবে॥;রাগ: কীর্তনতাল: একতালরচনাকাল (বঙ্গাব্দ): ২০ বৈশাখ, ১২৯৬রচনাকাল (খৃষ্টাব্দ): ২ মে, ১৮৮৯রচনাস্থান: খিরকী, পুনে;আনুষ্ঠানিক (anusthanik)
দুই হৃদয়ের নদী একত্র মিলিল যদিবলো, দেব, কার পানে আগ্রহে ছুটিয়া যায়॥সম্মুখে রয়েছে তার        তুমি প্রেমপারাবার,তোমারি অনন্তহৃদে দুটিতে মিলাতে চায়॥সেই এক আশা করি দুইজনে মিলিয়াছে,সেই এক লক্ষ্য ধরি দুইজনে চলিয়াছে।পথে বাধা শত শত,     পাষাণ পর্বত কত,দুই বলে এক হয়ে ভাঙিয়া ফেলিবে তায়॥অবশেষে জীবনের মহাযাত্রা ফুরাইলেতোমারি স্নেহের কোলে    যেন গো আশ্রয় মিলে,দুটি হৃদয়ের সুখ     দুটি হৃদয়ের দুখদুটি হৃদয়ের আশা মিলায় তোমার পায়॥;রাগ: সাহানাতাল: ঝাঁপতালরচনাকাল (বঙ্গাব্দ): 1288রচনাকাল (খৃষ্টাব্দ): 1881;আনুষ্ঠানিক (anusthanik)
দুজনে যেথায় মিলিছে সেথায়   তুমি থাকো, প্রভু, তুমি থাকো।দুজনে যাহারা চলেছে তাদের   তুমি রাখো, প্রভু, সাথে রাখো ॥যেথা দুজনের মিলিছে দৃষ্টি   সেথা হোক তব সুধার বৃষ্টি--দোঁহে যারা ডাকে দোঁহারে তাদের   তুমি ডাকো, প্রভু, তুমি ডাকো ॥দুজনে মিলিয়া গৃহের প্রদীপে   জ্বালাইছে যে আলোকতাহাতে, হে দেব, হে বিশ্বদেব,   তোমারি আরতি হোক॥মধুর মিলনে মিলি দুটি হিয়া   প্রেমের বৃন্তে উঠে বিকশিয়া,সকল অশুভ হইতে তাহারে   তুমি ঢাকো, প্রভু, তুমি ঢাকো ॥;রাগ: সিন্ধু-ভৈরবীতাল: অজ্ঞাতরচনাকাল (বঙ্গাব্দ): 1310রচনাকাল (খৃষ্টাব্দ): 1903;আনুষ্ঠানিক (anusthanik)
যে তরণীখানি ভাসালে দুজনে আজি, হে নবীন সংসারী,কাণ্ডারী কোরো তাঁহারে তাহার যিনি এ ভবের কাণ্ডারী॥কালপারাবার যিনি চিরদিন      করিছেন পার বিরামবিহীনশুভযাত্রায় আজি তিনি দিন     প্রসাদপবন সঞ্চারি॥নিয়ো নিয়ো চিরজীবনপাথেয়,   ভরি নিয়ো তরী কল্যাণে।সুধে দুখে শোকে আঁধারে আলোকে যেয়ো অমৃতের সন্ধানে।বাঁধা নাহি থেকো আলসে আবেশে,     ঝড়ে ঝঞ্ঝায় চলে যেয়ো হেসে,তোমাদের প্রেম দিয়ো দেশে দেশে     বিশ্বের মাঝে বিস্তারি॥;রাগ: বেহাগতাল: একতালরচনাকাল (বঙ্গাব্দ): 1310রচনাকাল (খৃষ্টাব্দ): 1903স্বরলিপিকার: ইন্দিরা দেবী;আনুষ্ঠানিক (anusthanik)
শুভদিনে এসেছে দোঁহে চরণে তোমার,শিখাও প্রেমের শিক্ষা, কোথা যাবে আর॥যে প্রেম সুখেতে কভু   মলিন না হয়, প্রভু,যে প্রেম দুঃখেতে ধরে উজ্জ্বল আকার॥যে প্রেম সমান ভাবে রবে চিরদিন,নিমেষে নিমেষে যাহা হইবে নবীন।যে প্রেমের শুভ্র হাসি    প্রভাতকিরণরাশি,যে প্রেমের অশ্রুজল শিশির উষার॥যে প্রেমের পথ গেছে অমৃতসদনেসে প্রেম দেখায়ে দাও পথিক-দুজনে।যদি কভু শ্রান্ত হয়     কোলে নিয়ো দয়াময়--যদি কভু পথ ভোলে দেখায়ো আবার॥;রাগ: বেহাগতাল: ত্রিতালরচনাকাল (বঙ্গাব্দ): 1288রচনাকাল (খৃষ্টাব্দ): 1881;আনুষ্ঠানিক (anusthanik)
সবারে করি আহ্বান--এসো উৎসুকচিত্ত,   এসো আনন্দিত প্রাণ॥হৃদয় দেহো পাতি,     হেথাকার দিবা রাতিকরুক নবজীবনদান॥আকাশে আকাশে বনে বনে   তোমাদের মনে মনেবিছায়ে বিছায়ে দিবে গান।সুদূরের পাদপীঠতলে     যেখানে কল্যাণদীপ জ্বলেসেথা পাবে স্থান॥;রাগ: পিলুতাল: কাহারবারচনাকাল (বঙ্গাব্দ): 1346রচনাকাল (খৃষ্টাব্দ): 1939স্বরলিপিকার: অনাদিকুমার দস্তিদার;আনুষ্ঠানিক (anusthanik)
আয় আয়    আয় আমাদের অঙ্গনে   অতিথি বালক তরুদল--মানবের স্নেহসঙ্গ নে,   চল্‌ আমাদের ঘরে চল্‌॥শ্যাম বঙ্কিম ভঙ্গিতে   চঞ্চল কলসঙ্গীতেদ্বারে নিয়ে আয় শাখায় শাখায়   প্রাণ-আনন্দ-কোলাহল॥তোদের নবীন পল্লবে   নাচুক আলোক সবিতার,দে পবনে বনবল্লভে   মর্মরগীত-উপহার।আজি শ্রাবণের বর্ষণে   আশীর্বাদের স্পর্শ নে,পড়ুক মাথায়   পাতায় পাতায়   অমরাবতীর ধারাজল॥;রাগ: খাম্বাজতাল: দাদরারচনাকাল (বঙ্গাব্দ): ২ শ্রাবণ, ১৩৩৬রচনাকাল (খৃষ্টাব্দ): ১৮ জুলাই, ১৯২৯রচনাস্থান: শান্তিনিকেতনস্বরলিপিকার: দিনেন্দ্রনাথ ঠাকুর;আনুষ্ঠানিক (anusthanik)
মরুবিজয়ের কেতন উড়াও শূন্যে   হে প্রবল প্রাণ।ধূলিরে ধন্য করো করুণার পুণ্যে   হে কোমল প্রাণ॥মৌনী মাটির মর্মের গান কবে   উঠিবে ধ্বনিয়া মর্মর তব রবে,মাধুরী ভরিবে ফুলে ফলে পল্লবে   হে মোহন প্রাণ॥পথিকবন্ধু, ছায়ার আসন পাতি   এসো শ্যামসুন্দর।এসো বাতাসের অধীর খেলার সাথী,   মাতাও নীলাম্বর।উষায় জাগাও শাখায় গানের আশা,   সন্ধ্যায় আনো বিরামগভীর ভাষা,রচি দাও রাতে সুপ্ত গীতের বাসা   হে উদার প্রাণ॥;রাগ: মিশ্র কেদারাতাল: দাদরারচনাকাল (বঙ্গাব্দ): ২৫ বৈশাখ, ১৩৩২রচনাকাল (খৃষ্টাব্দ): ৮ মে, ১৯২৫রচনাস্থান: শান্তিনিকেতন;আনুষ্ঠানিক (anusthanik)
ওহে    নবীন অতিথি, তুমি   নূতন কি তুমি চিরন্তন।যুগে যুগে কোথা তুমি ছিলে সঙ্গোপন॥যতনে কত-কী আনি   বেঁধেছিনু গৃহখানি,হেথা কে তোমারে বলো করেছিল নিমন্ত্রণ॥কত আশা ভালোবাসা গভীর হৃদয়তলেঢেকে রেখেছিনু বুকে কত হাসি-অশ্রুজলে।একটি না কহি বাণী   তুমি এলে মহারানী,কেমনে গোপনে মনে করিলে হে পদার্পণ॥;রাগ: পিলুতাল: দাদরারচনাকাল (বঙ্গাব্দ): 1294রচনাকাল (খৃষ্টাব্দ): 1887স্বরলিপিকার: ইন্দিরা দেবী;আনুষ্ঠানিক (anusthanik)
এসো হে গৃহদেবতা,এ ভবন পুণ্যপ্রভাবে করো পবিত্র।বিরাজো জননী, সবার জীবন ভরি--দেখাও আদর্শ মহান চরিত্র॥শিখাও করিতে ক্ষমা, করো হে ক্ষমা,জাগায়ে রাখো মনে তব উপমা,দেহো ধৈর্য হৃদয়ে--সুখে দুখে সঙ্কটে অটল চিত্ত॥দেখাও রজনী-দিবা   বিমল বিভা,বিতরো পুরজনে শুভ্র প্রতিভা--নব শোভাকিরণেকরো গৃহ সুন্দর রম্য বিচিত্র।সবে করো প্রেমদান   পূরিয়া প্রাণ--ভুলায়ে রাখো, সখা, আত্মাভিমান।সব বৈর হবে দূরতোমারে বরণ করি জীবনমিত্র॥;রাগ: আনন্দ-ভৈরবীতাল: কাহারবারচনাকাল (বঙ্গাব্দ): 1300রচনাকাল (খৃষ্টাব্দ): 1894;আনুষ্ঠানিক (anusthanik)
ফিরে চল্‌, ফিরে চল্‌,   ফিরে চল্‌ মাটির টানে--যে মাটি আঁচল পেতে চেয়ে আছে মুখের পানে॥যার     বুক ফেটে এই প্রাণ উঠেছে,   হাসিতে যার ফুল ফুটেছে রে,ডাক দিল যে গানে গানে॥দিক হতে ওই দিগন্তরে কোল রয়েছে পাতা,জন্মমরণ তারি হাতের অলখ সুতোয় গাঁথা।ওর      হৃদয়-গলা জলের ধারা   সাগর-পানে আত্মহারা রেপ্রাণের বাণী বয়ে আনে॥;রাগ: বাউলতাল: দাদরারচনাকাল (বঙ্গাব্দ): ২৩ ফাল্গুন, ১৩২৮রচনাকাল (খৃষ্টাব্দ): ৭ মার্চ, ১৯২২রচনাস্থান: শান্তিনিকেতন;আনুষ্ঠানিক (anusthanik)
আয় রে মোরা ফসল কাটি--ফসল কাটি, ফসল কাটি।মাঠ আমাদের মিতা ওরে,   আজ তারি সওগাতেমোদের   ঘরের আঙন সারা বছর ভরবে দিনে রাতে॥মোরা     নেব তারি দান,    তাই-যে কাটি ধান,তাই-যে গাহি গান-- তাই-যে সুখে খাটি॥বাদল এসে রচেছিল ছায়ার মায়াঘর,রোদ এসেছে সোনার জাদুকর--ও সে    সোনার জাদুকর।শ্যামে সোনায় মিলন হল মোদের মাঠের মাঝে,মোদের     ভালোবাসার মাটি-যে তাই সাজল এমন সাজে।মোরা     নেব তারি দান,   তাই-যে কাটি ধান,তাই-যে গাহি গান-- তাই-যে সুখে খাটি॥;রাগ: ভৈরবী-বাউলতাল: দাদরারচনাকাল (বঙ্গাব্দ): পৌষ, ১৩৩০রচনাকাল (খৃষ্টাব্দ): 1924রচনাস্থান: শান্তিনিকেতনস্বরলিপিকার: অনাদিকুমার দস্তিদার;আনুষ্ঠানিক (anusthanik)
অগ্নিশিখা, এসো এসো, আনো আনো আলো।দুঃখে সুখে ঘরে ঘরে গৃহদীপ জ্বালো ॥আনো শক্তি, আনো দীপ্তি,   আনো শান্তি, আনো তৃপ্তি,আনো স্নিগ্ধ ভালোবাসা, আনো নিত্য ভালো ॥এসো পুণ্যপথ বেয়ে এসো হে কল্যাণী--শুভ সুপ্তি, শুভ জাগরণ দেহো আনি।দুঃখরাতে মাতৃবেশে    জেগে থাকো নির্নিমেষেআনন্দ-উৎসবে তব শুভ্র হাসি ঢালো ॥;রাগ: ইমনকল্যাণতাল: কাহারবারচনাকাল (বঙ্গাব্দ): ৪ বৈশাখ, ১৩৩০রচনাকাল (খৃষ্টাব্দ): ১৭ এপ্রিল, ১৯২৩রচনাস্থান: শান্তিনিকেতনস্বরলিপিকার: অনাদিকুমার দস্তিদার;আনুষ্ঠানিক (anusthanik)
এসো এসো  প্রাণের উৎসবে,দক্ষিণবায়ুর বেণুরবে॥পাখির প্রভাতী গানে   এসো এসো পুণ্যস্নানেআলোকের অমৃতনির্ঝরে॥এসো এসো তুমি উদাসীন।এসো এসো তুমি দিশাহীন।প্রিয়েরে বরিতে হবে,     বরমাল্য আনো তবে--দক্ষিণা দক্ষিণ তব করে॥দুঃখ আছে অপেক্ষিয়া দ্বারে--বীর, তুমি বক্ষে লহো তারে।পথের কণ্টক দলি        এসো চলি, এসো চলিঝটিকার মেঘমন্দ্রস্বরে॥;রাগ: কালাংড়াতাল: কাহারবারচনাকাল (বঙ্গাব্দ): ২২ মাঘ, ১৩৩২রচনাকাল (খৃষ্টাব্দ): ৫ ফেব্রুয়ারি, ১৩২৬রচনাস্থান: কলকাতা, দার্জিলিংস্বরলিপিকার: দিনেন্দ্রনাথ ঠাকুর;আনুষ্ঠানিক (anusthanik)
"বিশ্বরাজালয়ে বিশ্ববীণা বাজিছে।স্থলে জলে নভতলে বনে উপবনেনদীনদে গিরি-গুহা-পারাবারেনিত্য জাগে সরস সঙ্গীতমধুরিমা,   নিত্য নৃত্যরসভঙ্গিমা ॥নববসন্তে নব আনন্দ-- উৎসব নব--অতি মঞ্জুল, অতি মঞ্জুল, শুনি মঞ্জুল গুঞ্জন কুঞ্জে;শুনি রে শুনি মর্মর পল্লবপুঞ্জে;পিককূজনপুষ্পবনে বিজনে।তব   স্নিগ্ধসুশোভন লোচনলোভন শ্যামসভাতলমাঝেকলগীত সুললিত বাজে।তোমার নিশ্বাসসুখপরশে   উচ্ছ্বাসহরষেপল্লবিত, মঞ্জরিত, গুঞ্জরিত, উল্লসিত সুন্দর ধরা।দিকে দিকে তব বাণী-- নব নব তব গাথা-- অবিরল রসধারা ॥";রাগ: শঙ্করাভরণ (দক্ষিণী)তাল: ঝাঁপতাল-কাহারবারচনাকাল (বঙ্গাব্দ): 1302রচনাকাল (খৃষ্টাব্দ): 1895স্বরলিপিকার: সরলা দেবী, জ্যোতিরিন্দ্রনাথ ঠাকুর, ইন্দিরা দেবী, দিনেন্দ্রনাথ ঠাকুর;আনুষ্ঠানিক (anusthanik)
দিনের বিচার করো--দিনশেষে তব সমুখে দাঁড়ানু ওহে জীবনেশ্বর।দিনের কর্ম লইয়া স্মরণে সন্ধ্যাবেলায় সঁপিনু চরণে--কিছু ঢাকা নাই তোমার নয়নে, এখন বিচার করো॥মিথ্যা আচারে থাকি যদি মজি আমার বিচার করো।মিথ্যা দেবতা যদি থাকি ভজি, আমার বিচার করো।লোভে যদি কারে দিয়ে থাকি দুখ, ভয়ে হয়ে থাকি ধর্মবিমুখ,পরনিন্দায় পেয়ে থাকি সুখ, আমার বিচার করো॥অশুভকামনা করি যদি কার, আমার বিচার করো।রোষে যদি কারো করি অবিচার, আমার বিচার করো।তুমি যে জীবন দিয়েছ আমারে  কলঙ্ক যদি দিয়ে থাকি তারেআপনি বিনাশ করি আপনারে, আমার বিচার করো॥;রাগ: পূরবীতাল: অজ্ঞাতরচনাকাল (বঙ্গাব্দ): 1305রচনাকাল (খৃষ্টাব্দ): 1899;আনুষ্ঠানিক (anusthanik)
তোমার   আনন্দ ওই গোতোমার     আনন্দ ওই এল দ্বারে, এল এল এল গো, ওগো পুরবাসী।বুকের       আঁচলখানি      সুখের     আঁচলখানি--দুখের       আঁচলখানি ধুলায় পেতে আঙিনাতে মেলো গো ॥সেচন কোরো-- তার         পথে পথে সেচন কোরো--পা           ফেলবে যেথায় সেচন কোরো গন্ধবারি,মলিন না হয় চরণ তারি--তোমার     সুন্দর ওই গো--তোমার     সুন্দর ওই এল দ্বারে, এল এল এল গো।হৃদয়খানি--আকুল   হৃদয়খানি সম্মুখে তার ছড়িয়ে ফেলো--রেখো না,  রেখো না গো ধরে,   ছড়িয়ে ফেলো ফেলো গো ॥তোমার     সকল ধন যে ধন্য হল   হল গো।বিশ্বজনের কল্যাণে আজ   ঘরের দুয়ার--ঘরের দুয়ার খোলো গো।রাঙা হল-- রঙে রঙে রাঙা হল-- কার   হাসির রঙেহেরো        রাঙা হল সকল গগন,   চিত্ত হল পুলক-মগন--তোমার     নিত্য আলো এল দ্বারে, এল এল এল গো।পরান প্রদীপ-- তোমার   পরান-প্রদীপ তুলে ধোরো ওই আলোতে-রেখো না, রেখো না গো দূরে--ওই আলোতে জ্বেলো গো ॥;রাগ: পিলুতাল: দাদরারচনাকাল (বঙ্গাব্দ): ৩ বৈশাখ, ১৩২১রচনাকাল (খৃষ্টাব্দ): ১৬ এপ্রিল, ১৯১৪রচনাস্থান: শান্তিনিকেতনস্বরলিপিকার: দিনেন্দ্রনাথ ঠাকুর;আনুষ্ঠানিক (anusthanik)
আজি  কাঁদে কারা ওই শুনা যায়,     অনাথেরা  কোথা করে হায়- হায়,দিন  মাস যায়,  বরষ  ফুরায়– ফুরাবে না হাহাকার  ?।ওই  কারা চেয়ে শূন্য নয়ানে       সুখ-আশা-হীন  নববর্ষ-পানে,কারা  শুয়ে শুষ্ক ভূমিশয়ানে– মরুময়  চারিধার ।।আশ্বাসবচন  সকলেরে ক’য়ে     এসেছিল বর্ষ  কত আশা লয়ে,কত  আশা দ’লে আজ যায় চ’লে– শূন্য  কত পরিবার ।কত  অভাগার জীবনসম্বল      মুছে  লয়ে গেল,  রেখে  অশ্রুজল–নব  বরষের উদয়ের পথে   রেখে গেল  অন্ধকার ।।হায়,  গৃহে  যার নাই অন্নকণা       মানুষের  প্রেম তাও কি পাবে না–আজি  নাই কি রে কাতরের তরে  করুণার  অশ্রুধার ।কেঁদে  বলো,  ‘নাথ,  দুঃখ  দূরে যাক,     তাপিত  ধরার হৃদয় জুড়াক–বর্ষ  যদি যায় সাথে লয়ে যাক  বরষের  শোকভার ।’;রাগ: বেহাগতাল: অজ্ঞাতরচনাকাল (বঙ্গাব্দ): 1298রচনাকাল (খৃষ্টাব্দ): 1885;আনুষ্ঠানিক সংগীত (anusthanik-sangeet)
"জয় তব হোক জয় ।স্বদেশের গলে দাও তুমি তুলে যশোমালা অক্ষয় ।বহুদিন হতে ভারতের বাণী    আছিল নীরবে অপমান
            মানি,তুমি তারে আজ জাগায়ে তুলিয়া রটালে বিশ্বময় ।জ্ঞানমন্দিরে জ্বালায়েছ তুমি যে নব আলোকশিখাতোমার সকল ভ্রাতার ললাটে দিল উজ্জ্বল টিকা ।অবারিতগতি তব জয়রথ  ফিরে যেন আজি সকল জগৎ,দুঃখ দীনতা যা আছে মোদের তোমারে বাঁধি না রয় ।।";রাগ: অজ্ঞাততাল: অজ্ঞাতরচনাকাল (বঙ্গাব্দ): 1309রচনাকাল (খৃষ্টাব্দ): 1902;আনুষ্ঠানিক সংগীত (anusthanik-sangeet)
বিশ্ববিদ্যাতীর্থপ্রাঙ্গন কর’ মহোজ্জ্বল আজ হে ।বরপুত্রসংঘ বিরাজ’ হে ।ঘন তিমিররাত্রির চিরপ্রতীক্ষা পূর্ণ কর’, লহ’ জ্যোতিদীক্ষা ।যাত্রিদল সব সাজ’ হে ।  দিব্যবীণা বাজ’ হে ।এস’ কর্মী, এস’ জ্ঞানী,  এস’ জনকল্যাণধ্যানী,এস’তাপসরাজ হে !এস’ হে ধীশক্তিসম্পদ মুক্তবন্ধ সমাজ হে ।।;রাগ: ইমনকল্যাণতাল: তেওরারচনাকাল (বঙ্গাব্দ): ২২ শ্রাবণ, ১৩৪৭রচনাকাল (খৃষ্টাব্দ): ৭ অগাস্ট, ১৯৪০রচনাস্থান: শান্তিনিকেতনস্বরলিপিকার: শৈলজারঞ্জন মজুমদার;আনুষ্ঠানিক সংগীত (anusthanik-sangeet)
জগতের পুরোহিত তুমি– তোমার এ জগৎ-মাঝারেএক চায় একেরে পাইতে, দুই চায় এক হইবারে ।ফুলে ফুলে করে কোলাকুলি,  গলাগলি অরুণে উষায় ।মেঘ দেখে মেঘ ছুটে আসে,  তারাটি তারার পানে চায় ।পূর্ণ হল তোমার নিয়ম,  প্রভু হে, তোমারি হল জয়–তোমার কৃপায় এক হল  আজি এই যুগলহৃদয় ।যে হাতে দিয়েছ তুমি বেঁধে  শশধরে ধরার প্রণয়েসেই হাতে বাঁধিয়াছ তুমি  এই দুটি হৃদয়ে হৃদয়ে ।জগত গাহিছে জয়-জয়,  উঠেছে হরষকোলাহল,প্রেমের বাতাস বহিতেছে– ছুটিতেছে প্রেমপরিমল ।পাখিরা গাও গো গান,  কহো বায়ু চরাচরময়–মহেশের প্রেমের জগতে  প্রেমের হইল আজি জয় ।।;রাগ: খাম্বাজতাল: অজ্ঞাতরচনাকাল (বঙ্গাব্দ): 1288রচনাকাল (খৃষ্টাব্দ): 1881;আনুষ্ঠানিক সংগীত (anusthanik-sangeet)
তুমি হে প্রেমের রবি  আলো করি চরাচরযত করো বিতরণ  অক্ষয় তোমার কর ।দুজনের আঁখি-’পরে  তুমি থাকো আলো ক’রে–তা হলে আঁধারে আর  বলো হে কিসের ডর ।তোমারে হারায় যদি  দুজনে হারাবে দোঁহে–দুজনে কাঁদিবে বসি  অন্ধ হয়ে ঘন মোহে,এমনি আঁধার হবে  পাশাপাশি বসে রবেতবুও দোঁহার মুখ  চিনিবে না পরস্পর ।দেখো, প্রভু, চিরদিন  আঁখি-’পরে থেকো জেগে–তোমারে ঢাকে না যেন  সংসারের ঘন মেঘে ।তোমারি আলোকে বসি  উজল-আনন-শশীউভয়ে উভয়ে হেরে  পুলকিতকলেবর ।।;রাগ: জয়জয়ন্তীতাল: অজ্ঞাতরচনাকাল (বঙ্গাব্দ): 1288রচনাকাল (খৃষ্টাব্দ): 1881;আনুষ্ঠানিক সংগীত (anusthanik-sangeet)
শুভদিনে শুভক্ষণে  পৃথিবী আনন্দমনেদুটি হৃদয়ের ফুল উপহার দিল আজ–ওই চরণের কাছে  দেখো গো পড়িয়া আছে,তোমার দক্ষিণহস্তে তুলে লও রাজরাজ ।এক সূত্র দিয়ে, দেব, গেঁথে রাখো এক সাথে–টুটে না ছিঁড়ে না যেন, থাকে যেন ওই হাতে ।তোমার শিশির দিয়ে  রাখো তারে বাঁচাইয়ে–কী জানি শুকায় পাছে সংসাররৌদ্রের মাঝ ।।;রাগ: সাহানাতাল: অজ্ঞাতরচনাকাল (বঙ্গাব্দ): 1291রচনাকাল (খৃষ্টাব্দ): 1884;আনুষ্ঠানিক সংগীত (anusthanik-sangeet)
দুজনে  এক হয়ে যাও,  মাথা রাখো একের পায়ে–দুজনের  হৃদয় আজি  মিলুক তাঁরি মিলন-ছায়ে ।তাঁহারি  প্রেমের বেগে  দুটি প্রাণ  উঠুক জেগে–যা-কিছু  শীর্ণ মলিন টুটুক তাঁরি চরণ-ঘায়ে ।সমুখে   সংসারপথ,  বিঘ্নবাধা কোরো না ভয়–দুজনে   যাও চলে যাও– গান করে যাও তাঁহারি জয় ।ভকতি  লও পাথেয়,  শকতি  হোক অজেয়–অভয়ের আশিসবাণী  আসুক তাঁরি প্রসাদ-বায়ে ।।;রাগ: অজ্ঞাততাল: অজ্ঞাতরচনাকাল (বঙ্গাব্দ): ৪ জ্যৈষ্ঠ, ১৩২১রচনাকাল (খৃষ্টাব্দ): ১৮ মে, ১৯১৪রচনাস্থান: রামগড় পাহাড়;আনুষ্ঠানিক সংগীত (anusthanik-sangeet)
তাঁহার অসীম মঙ্গললোক হতেতোমাদের এই হৃদয়বনচ্ছায়েঅনন্তেরই পরশরসের স্রোতেদিয়েছে আজ বসন্ত জাগায়ে ।তাই সুধাময় মিলনকুসুমখানিউঠল ফুটে কখন নাহি জানি–এই কুসুমের পূজার অর্ঘ্যখানিপ্রণাম করো দুইজনে তাঁর পায়ে ।সকল বাধা যাক তোমাদের ঘুচে,নামুক তাঁহার আশীর্বাদের ধারা ।মলিন ধুলার চিহ্ন সে দিক মুছে,শান্তিপবন বহুক বন্ধহারা ।নিত্যনবীন প্রেমের মাধুরীতেকল্যাণফল ফলুক দোঁহার চিতে,সুখ তোমাদের নিত্য রহুক দিতেনিখিলজনের আনন্দ বাড়ায়ে ।।;রাগ: সাহানাতাল: অজ্ঞাতরচনাকাল (বঙ্গাব্দ): ৩০ বৈশাখ, ১৩২৯রচনাকাল (খৃষ্টাব্দ): ১৩ মে, ১৯২২রচনাস্থান: শান্তিনিকেতন;আনুষ্ঠানিক সংগীত (anusthanik-sangeet)
"নবজীবনের যাত্রাপথে দাও দাও এই বরহে হৃদয়েশ্বর–প্রেমের বিত্ত  পূর্ণ করিয়া দিক চিত্ত ;যেন এ সংসারমাঝে  তব দক্ষিণমুখ রাজে ;সুখরূপে পাই তব ভিক্ষা,  দুখরূপে পাই তব দীক্ষা ;মন হোক ক্ষুদ্রতামুক্ত,  নিখিলের সাথে হোক যুক্ত,শুভকর্মে যেন নাহি মানে ক্লান্তিশান্তি শান্তি শান্তি ।।";রাগ: ইমন-ভূপালীতাল: কাহারবারচনাকাল (বঙ্গাব্দ): ১৪ পৌষ, ১৩৪৬রচনাকাল (খৃষ্টাব্দ): ৩০ ডিসেম্বর, ১৯৩৯রচনাস্থান: উত্তরায়ণ, শান্তিনিকেতনস্বরলিপিকার: শৈলজারঞ্জন মজুমদার;আনুষ্ঠানিক সংগীত (anusthanik-sangeet)
প্রেমের মিলনদিনে সত্য সাক্ষী যিনি  অন্তর্যামীনমি তাঁরে আমি– নমি নমি ।বিপদে সম্পদে সুখে দুখে সাথি  যিনি দিনরাতি  অন্তর্যামীনমি তাঁরে আমি– নমি নমি ।তিমিররাত্রে যাঁর দৃষ্টি তারায় তারায়,যাঁর দৃষ্টি জীবনের মরণের সীমা পারায়,যাঁর দৃষ্টি দীপ্ত সূর্য-আলোকে  অগ্নিশিখায়, জীব-আত্মায়  অন্তর্যামীনমি তাঁরে আমি– নমি নমি ।জীবনের সব কর্ম  সংসারধর্ম  করো নিবেদন তাঁর চরণে ।যিনি নিখিলের সাক্ষী,  অন্তর্যামীনমি তাঁরে আমি– নমি নমি ।।;রাগ: ভৈরবীতাল: কাহারবারচনাকাল (বঙ্গাব্দ): ১৪ পৌষ, ১৩৪৬রচনাকাল (খৃষ্টাব্দ): ৩০ ডিসেম্বর, ১৯৩৯রচনাস্থান: উত্তরায়ণ, শান্তিনিকেতনস্বরলিপিকার: শৈলজারঞ্জন মজুমদার;আনুষ্ঠানিক সংগীত (anusthanik-sangeet)
সুমঙ্গলী বধূ,  সঞ্চিত রেখো প্রাণে স্নেহমধু ।  আহা ।সত্য রহো তুমি প্রেমে,  ধ্রুব রহো ক্ষেমে–দুঃখে সুখে  শান্ত রহো হাস্যমুখে ।আঘাতে হও জয়ী  অবিচল ধৈর্যে কল্যাণময়ী ।  আহা ।।চলো শুভবুদ্ধির বাণী শুনে,সকরুণ নম্রতাগুণে  চারি দিকে শান্তি হোক বিস্তার–ক্ষমাস্নিগ্ধ করো তব সংসার ।যেন উপকরণের গর্ব  আত্মারে না করে খর্ব ।মন যেন জানে,  উপহাস করে কাল ধনমানে–তব চক্ষে যেন ধূলির সে ফাঁকি  নিত্যেরে না দেয় ঢাকি ।  আহা ।।;রাগ: ভৈরবীতাল: কাহারবারচনাকাল (বঙ্গাব্দ): ১৪ পৌষ, ১৩৪৬রচনাকাল (খৃষ্টাব্দ): ৩০ ডিসেম্বর, ১৯৩৯রচনাস্থান: শান্তিনিকেতনস্বরলিপিকার: শৈলজারঞ্জন মজুমদার;আনুষ্ঠানিক সংগীত (anusthanik-sangeet)
ইহাদের করো আশীর্বাদ ।ধরায় উঠিছে ফুটি ক্ষুদ্র প্রাণগুলি,  নন্দনের এনেছে সংবাদ ।এই হাসিমুখগুলি             হাসি পাছে যায় ভুলি,পাছে ঘেরে আঁধার প্রমাদ,ইহাদের কাছে ডেকে       বুকে রেখে, কোলে রেখে,তোমরা করো গো আশীর্বাদ ।বলো, ‘সুখে যাও চলে          ভবের তরঙ্গ দ’লেস্বর্গ হতে আসুক বাতাস–সুখ দুঃখ কোরো হেলা,         সে কেবল ঢেউখেলানাচিবে তোদের চারিপাশ ।’﻿;রাগ: ঝিঁঝিটতাল: অজ্ঞাতরচনাকাল (বঙ্গাব্দ): 1293রচনাকাল (খৃষ্টাব্দ): 1886;আনুষ্ঠানিক সংগীত (anusthanik-sangeet)
সমুখে শান্তিপারাবার–ভাসাও তরণী হে কর্ণধার ।তুমি হবে চিরসাথি,  লও লও হে ক্রোড় পাতি–অসীমের পথে জ্বলিবে জ্যোতি ধ্রুবতারকার ।।মুক্তিদাতা, তোমার ক্ষমা তোমার দয়াহবে চিরপাথেয় চিরযাত্রার ।হয় যেন মর্তের বন্ধনক্ষয়,  বিরাট বিশ্ব বাহু মেলি লয়–পায় অন্তরে নির্ভয় পরিচয় মহা-অজানার।।;রাগ: মিশ্র পূরবীতাল: কাহারবারচনাকাল (বঙ্গাব্দ): ১৭ অগ্রহায়ণ, ১৩৪৬রচনাকাল (খৃষ্টাব্দ): ৩ ডিসেম্বর, ১৯৩৯রচনাস্থান: শান্তিনিকেতনস্বরলিপিকার: শৈলজারঞ্জন মজুমদার;আনুষ্ঠানিক সংগীত (anusthanik-sangeet)
একদিন যারা মেরেছিল তাঁরে গিয়েরাজার দোহাই দিয়েএ যুগে তারাই জন্ম নিয়েছে আজি,মন্দিরে তারা এসেছে ভক্ত সাজি–ঘাতক সৈন্যে ডাকি‘মারো মারো’ ওঠে হাঁকি ।গর্জনে মিশে পূজামন্ত্রের স্বর–মানবপুত্র তীব্র ব্যথায় কহেন, হে ঈশ্বর !এ পানপাত্র নিদারুণ বিষে ভরাদূরে ফেলে দাও, দূরে ফেলে দাও ত্বরা ।।;রাগ: মিশ্র ইমনতাল: দাদরারচনাকাল (বঙ্গাব্দ): ৯ পৌষ, ১৩৪৬রচনাকাল (খৃষ্টাব্দ): ২৫ ডিসেম্বর, ১৩৩৯রচনাস্থান: শান্তিনিকেতনস্বরলিপিকার: শৈলজারঞ্জন মজুমদার;আনুষ্ঠানিক সংগীত (anusthanik-sangeet)
আলোকের পথে, প্রভু, দাও দ্বার খুলে–আলোক-পিয়াসী যারা আছে আঁখি তুলে,প্রদোষের ছায়াতলে হারায়েছে দিশা,সমুখে আসিছে ঘিরে নিরাশার নিশা ।নিখিল ভুবনে তব যারা আত্মহারাআঁধারের আবরণে খোঁজে ধ্রুবতারা,তাহাদের দৃষ্টি আনো রূপের জগতে–আলোকের পথে ।।;রাগ: অজ্ঞাততাল: অজ্ঞাতরচনাকাল (বঙ্গাব্দ): ১৩ অগ্রহায়ণ, ১৩৪৭রচনাকাল (খৃষ্টাব্দ): ২ ডিসেম্বর, ১৯৪০রচনাস্থান: কলকাতা;আনুষ্ঠানিক সংগীত (anusthanik-sangeet)
ওই মহামানব আসে ।দিকে দিকে রোমাঞ্চ লাগেমর্তধূলির ঘাসে ঘাসে ।।সুরলোকে বেজে ওঠে শঙ্খ,নরলোকে বাজে জয়ডঙ্ক–এল মহাজন্মের লগ্ন ।আজি অমারাত্রির দুর্গতোরণ যতধূলিতলে হয়ে গেল ভগ্ন ।উদয়শিখরে জাগে ‘মাভৈ: মাভৈ:’নবজীবনের আশ্বাসে ।‘জয় জয় জয় রে মানব-অভ্যুদয়’মন্দ্রি-উঠিল মহাকাশে।।;রাগ: ভৈরবীতাল: কাহারবারচনাকাল (বঙ্গাব্দ): ১ বৈশাখ, ১৩৪৮রচনাকাল (খৃষ্টাব্দ): ১৪ এপ্রিল, ১৯৪১রচনাস্থান: উদয়ন, শান্তিনিকেতনস্বরলিপিকার: শান্তিদেব ঘোষ;আনুষ্ঠানিক সংগীত (anusthanik-sangeet)
হে নূতন,দেখা দিক আর-বার জন্মের প্রথম শুভক্ষণ ।।তোমার প্রকাশ হোক কুহেলিকা করি উদঘাটনসূর্যের মতন ।রিক্ততার বক্ষ ভেদি আপনারে করো উন্মোচন ।ব্যক্ত হোক জীবনের জয়,ব্যক্ত হোক তোমামাঝে অসীমের চিরবিস্ময় ।উদয়দিগন্তে শঙ্খ বাজে,  মোর চিত্তমাঝেচিরনূতনেরে দিল ডাকপঁচিশে বৈশাখ ।।;রাগ: ভৈরবীতাল: কাহারবারচনাকাল (বঙ্গাব্দ): ২৩ বৈশাখ, ১৩৪৮রচনাকাল (খৃষ্টাব্দ): ৬ মে, ১৯৪১স্বরলিপিকার: শান্তিদেব ঘোষ;আনুষ্ঠানিক সংগীত (anusthanik-sangeet)
বেলা যে চলে যায়, ডুবিল রবি।ছায়ায় ঢেকেছে ঘন অটবী।কোথা সে লীলা গেল কোথায়!লীলা লীলা, খেলাবি আয়।;রাগ: মিশ্র ভূপালীতাল: ঝাঁপতালরচনাকাল (বঙ্গাব্দ): 1289রচনাকাল (খৃষ্টাব্দ): 1882স্বরলিপিকার: ইন্দিরা দেবী;কালমৃগয়া (গীতবিতান) (kalmrigoya gitabitan)
তুই আয় রে কাছে আয় ,আমি      তোরে সাজিয়ে দি–তোর      হাতে মৃণাল - বালা ,তোর      কানে চাঁপার দুল ,তোর      মাথায় বেলের সিঁথি ,তোর      খোঁপায় বকুল ফুল।।ও ভাই,     দেখে যা,কত    ফুল তুলেছি!;রাগ: বিলাতি ভাঙাতাল: ত্রিতালরচনাকাল (বঙ্গাব্দ): 1289রচনাকাল (খৃষ্টাব্দ): 1882স্বরলিপিকার: ইন্দিরা দেবী;কালমৃগয়া (গীতবিতান) (kalmrigoya gitabitan)
ও  দেখবি রে ভাই, আয় রে ছুটে,মোদের বকুল গাছেরাশি রাশি হাসির মতফুল কত ফুটেছে।কত  গাছের তলায় ছড়াছড়িগড়াগড়ি যায়_ও ভাই, সাবধানেতে আয় রে হেথা,দিস নে দ'লে পায়!;রাগ: বিলাতি ভাঙাতাল: খেমটারচনাকাল (বঙ্গাব্দ): 1289রচনাকাল (খৃষ্টাব্দ): 1882স্বরলিপিকার: ইন্দিরা দেবী;কালমৃগয়া (গীতবিতান) (kalmrigoya gitabitan)
কাল সকালে উঠব মোরাযাব নদীর কূলে_শিব গড়িয়ে করব পুজো,আনব কুসুম তুলে।মোরা    ভোরের বেলা গাঁথব মালা ,দুলব সে দোলায়।বাজিয়ে বাঁশি গান গাহিববকুলের তলায়।না ভাই , কাল সকালে মায়ের কাছেনিয়ে যাব ধরে–মা বলেছে ঋষির সাজেসাজিয়ে দেবে তোরে।সন্ধ্যা হয়ে এল যে ভাই ,এখন যাই ফিরে–একলা আছেন অন্ধ পিতাআঁধার কুটিরে।।;রাগ: স্কটিশ লোকগীতির সুরতাল: খেমটারচনাকাল (বঙ্গাব্দ): 1289রচনাকাল (খৃষ্টাব্দ): 1882স্বরলিপিকার: ইন্দিরা দেবী;কালমৃগয়া (গীতবিতান) (kalmrigoya gitabitan)
সমুখেতে বহিছে তটিনী,দুটি তারা আকাশে ফুটিয়া,বায়ু বহে পরিমল লুটিয়া।সাঁঝের অধর হতেম্লান হাসি পড়িছে টুটিয়া।দিবস বিদায় চাহে,সরযূ বিলাপ গাহে,সায়াহ্নেরি রাঙা পায়ে,কেঁদে কেঁদে পড়িছে লুটিয়া!এস সবে এস সখি,মোরা হেথা ব'সে থাকি।আকাশের পানে চেয়েজলদের খেলা দেখি!আঁখি-'পরে তারাগুলিএকে একে উঠিবে ফুটিয়া।;রাগ: মিশ্র কাফিতাল: ত্রিতালরচনাকাল (বঙ্গাব্দ): 1289রচনাকাল (খৃষ্টাব্দ): 1882স্বরলিপিকার: জ্যোতিরিন্দ্রনাথ ঠাকুর, ইন্দিরা দেবী;কালমৃগয়া (গীতবিতান) (kalmrigoya gitabitan)
ফুলে ফুলে ঢ'লে ঢ'লে বহে কিবা মৃদু বায়,তটিনী হিল্লোল তুলে কল্লোলে চলিয়া যায়পিক কিবা কুঞ্জে কুঞ্জে কুহূ কুহূ কুহূ গায়,কি জানি কিসেরি লাগি প্রাণ করে হায় হায়!;রাগ: বিলাতি ভাঙাতাল: দাদরারচনাকাল (বঙ্গাব্দ): 1289রচনাকাল (খৃষ্টাব্দ): 1882স্বরলিপিকার: জ্যোতিরিন্দ্রনাথ ঠাকুর, ইন্দিরা দেবী;কালমৃগয়া (গীতবিতান) (kalmrigoya gitabitan)
নেহার' লো সহচরি,কানন আঁধার করি,ওই দেখ বিভাবরী আসিছে।দিগন্ত ছাইয়াশ্যাম মেঘরাশি থরে থরে ভাসিছে।আয়, সখি, এই বেলামাধবী মালতী বেলারাশি রাশি ফুটাইয়ে কানন করি আলা।ওই দেখ নলিনী উথলিত সরসে।অফুট-মুকুল-মুখী মৃদু মৃদু হাসিছে।আসিবে ঋষিকুমার কুসুমচয়নে,ফুটায়ে রাখিয়া দিব তারি তরে সযতনে।নিচু নিচু শাখাতে ফোটে যেন ফুলগুলি,কচি হাত বাড়াইয়ে পায় যেন কাছে!;রাগ: ছায়ানটতাল: ত্রিতালরচনাকাল (বঙ্গাব্দ): 1289রচনাকাল (খৃষ্টাব্দ): 1882স্বরলিপিকার: ইন্দিরা দেবী;কালমৃগয়া (গীতবিতান) (kalmrigoya gitabitan)
জল এনে দে রে বাছা তৃষিত কাতরে।শুকায়েছে কণ্ঠ তালু, কথা নাহি সরে।;রাগ: দেশতাল: ঝাঁপতালরচনাকাল (বঙ্গাব্দ): 1289রচনাকাল (খৃষ্টাব্দ): 1882স্বরলিপিকার: প্রতিভা দেবী, ইন্দিরা দেবী;কালমৃগয়া (গীতবিতান) (kalmrigoya gitabitan)
না না কাজ নাই, যেও না বাছা,--গভীরা রজনী, ঘোর ঘন গরজে,তুই যে এ অন্ধের নয়নতারা।আর কে আমার আছে!কেহ নাই, কেহ নাই--তুই শুধু রয়েছিস হৃদয় জুড়ায়ে--তোরেও কি হারাব বাছা রে,সে ত প্রাণে স'বে না!;রাগ: দেশতাল: ত্রিতালরচনাকাল (বঙ্গাব্দ): 1289রচনাকাল (খৃষ্টাব্দ): 1882স্বরলিপিকার: প্রতিভা দেবী, ইন্দিরা দেবী;কালমৃগয়া (গীতবিতান) (kalmrigoya gitabitan)
আমা-তরে অকারণে, ওগো পিতা, ভেবো না।অদূরে সরযূ বহে, দূরে যাব না।পথ যে সরল অতি,চপলা দিতেছে জ্যোতি,তবে কেন, পিতা, মিছে ভাবনা।অদূরে সরযূ বহে, দূরে যাব না।;রাগ: খাম্বাজতাল: ত্রিতালরচনাকাল (বঙ্গাব্দ): 1289রচনাকাল (খৃষ্টাব্দ): 1882স্বরলিপিকার: প্রতিভা দেবী;কালমৃগয়া (গীতবিতান) (kalmrigoya gitabitan)
সঘন ঘন ছাইল গগন ঘনাইয়া,স্তিমিত দশ দিশি,স্তম্ভিত কানন,সব চরাচর আকুল--কি হবে কে জানে,ঘোরা রজনী,দিক-ললনা ভয়বিভলা।চমকে চমকে সহসা দিক উজলিচকিতে চকিতে মাতি ছুটিল বিজলীথরহর চরাচর পলকে ঝলকিয়ে।ঘোর তিমির ছায় গগন মেদিনী,গুরু গুরু নীরদগরজনেস্তব্ধ আঁধার ঘুমাইছে--সহসা উঠিল জেগে প্রচণ্ড সমীরণ,কড় কড় বাজ!;রাগ: মেঘমল্লারতাল: ত্রিতালরচনাকাল (বঙ্গাব্দ): 1289রচনাকাল (খৃষ্টাব্দ): 1882স্বরলিপিকার: জ্যোতিরিন্দ্রনাথ ঠাকুর, ইন্দিরা দেবী;কালমৃগয়া (গীতবিতান) (kalmrigoya gitabitan)
ঝম্‌ ঝম্‌ ঘন ঘন রে বরষে।গগনে ঘনঘটা , শিহরে তরুলতা–ময়ূর ময়ূরী নাচিছে হরষে।দিশি দিশি সচকিত , দামিনী চমকিত–চমকি উঠিছে হরিণী তরাসে।।;রাগ: মল্লারতাল: ত্রিতালরচনাকাল (বঙ্গাব্দ): 1289রচনাকাল (খৃষ্টাব্দ): 1882স্বরলিপিকার: দিনেন্দ্রনাথ ঠাকুর, ইন্দিরা দেবী;কালমৃগয়া (গীতবিতান) (kalmrigoya gitabitan)
আয় লো সজনি, সবে মিলে!ঝর ঝর বারিধারা,মৃদু মৃদু গুরু গুরু গর্জ্জন,এ বরষা-দিনে,হাতে হাতে ধরি ধরিগাব মোরা লতিকাদোলায় দুলে!ফুটাব যতনে কেতকী কদম্ব অগণন।মাখাব বরণ ফুলে ফুলে।পিয়াব নবীন সলিল, পিয়াসিত তরুলতা--লতিকা বাঁধিব গাছে তুলে।বনেরে সাজায়ে দিব, গাঁথিব মুকুতাকণাপল্লবশ্যাম-দুকূলে।নাচিব, সখি, সবে নবঘন-উৎসবেবিকচ বকুলতরু-মূলে!;রাগ: মল্লারতাল: ত্রিতালরচনাকাল (বঙ্গাব্দ): 1289রচনাকাল (খৃষ্টাব্দ): 1882স্বরলিপিকার: জ্যোতিরিন্দ্রনাথ ঠাকুর, ইন্দিরা দেবী;কালমৃগয়া (গীতবিতান) (kalmrigoya gitabitan)
কি ঘোর নিশীথ, নীরব ধরা!পথ যে কোথায় দেখা নাহি যায়,জড়ায়ে যায় চরণে লতাপাতা।যাই, ত্বরা ক'রে যেতে হবেসরযূতটিনী-তীরে--কোথায় সে পথ!ওই কল কল রব!আহা, তৃষিত জনক মম,যাই তবে যাই ত্বরা।;রাগ: গারাতাল: ত্রিতালরচনাকাল (বঙ্গাব্দ): 1289রচনাকাল (খৃষ্টাব্দ): 1882স্বরলিপিকার: ইন্দিরা দেবী;কালমৃগয়া (গীতবিতান) (kalmrigoya gitabitan)
মানা না মানিলি, তবুও চলিলি,কি জানি কি ঘটে!অমঙ্গল হেন প্রাণে জাগে কেন,থেকে থেকে যেন প্রাণ কেঁদে ওঠে!রাখ্‌ রে কথা রাখ্‌, বারি আনা থাক্‌,যা ঘরে যা ছুটে!অয়ি দিগঙ্গনে, রেখো গো যতনেঅভয়স্নেহছায়ায়!অয়ি বিভাবরী, রাখ বুকে ধরিভয় অপহরি রাখ এ জনায়!এ যে শিশুমতি, বন ঘোর অতি--এ যে একেলা অসহায়!;রাগ: বিলাতি ভাঙাতাল: ত্রিতালরচনাকাল (বঙ্গাব্দ): 1289রচনাকাল (খৃষ্টাব্দ): 1882স্বরলিপিকার: ইন্দিরা দেবী;কালমৃগয়া (গীতবিতান) (kalmrigoya gitabitan)
বনে বনে সবে মিলে চল হো! চল হো!ছুটে আয়, শিকারে কে রে যাবি আয়!এমন রজনী বহে যায় রে!ধনু বাণ বল্লম লয়ে হাতেআয়, আয়, আয়, আয় রে!বাজা শিঙ্গা ঘন ঘন--শব্দে কাঁপিবে বন,আকাশ ফেটে যাবে,চমকিবে পশু পাখী সবে,ছুটে যাবে কাননে কাননে--চারি দিক ঘিরে যাব পিছে পিছেহোঃ হোঃ হোঃ হোঃ!;রাগ: ইমন-ভূপালীতাল: কাহারবারচনাকাল (বঙ্গাব্দ): 1289রচনাকাল (খৃষ্টাব্দ): 1882স্বরলিপিকার: দিনেন্দ্রনাথ ঠাকুর, ইন্দিরা দেবী;কালমৃগয়া (গীতবিতান) (kalmrigoya gitabitan)
জয়তি জয় জয় রাজন্‌ বন্দি তোমারে,কে আছে তোমা সমান।ত্রিভুবন কাঁপে তোমার প্রতাপে,তোমারে করি প্রণাম!;রাগ: দেশ-মল্লারতাল: কাহারবারচনাকাল (বঙ্গাব্দ): 1289রচনাকাল (খৃষ্টাব্দ): 1882স্বরলিপিকার: ইন্দিরা দেবী;কালমৃগয়া (গীতবিতান) (kalmrigoya gitabitan)
গহনে গহনে যা রে তোরা,নিশি ব'হে যায় যে!তন্ন তন্ন করি অরণ্যকরী বরাহ খোঁজ্‌ গে!এই বেলা যা রে!নিশাচর পশু সবেএখনি বাহির হবে--ধনুর্ব্বাণ নে রে হাতে, চল্‌ ত্বরা চল্‌।জ্বালায়ে মশাল আলোএই বেলা আয় রে!;রাগ: বাহারতাল: দাদরারচনাকাল (বঙ্গাব্দ): 1289রচনাকাল (খৃষ্টাব্দ): 1882স্বরলিপিকার: দিনেন্দ্রনাথ ঠাকুর, ইন্দিরা দেবী;কালমৃগয়া (গীতবিতান) (kalmrigoya gitabitan)
চল চল, ভাই,ত্বরা ক'রে মোরা আগে যাই।প্রাণপণ খোঁজ্‌ এ বন, সে বন।চল্‌ মোরা ক'জন ও দিকে যাই।না না ভাই, কাজ নাই,হোথা কিছু নাই-- কিছু নাই--ওই ঝোপে যদি কিছু পাই।বরা'! বরা'!আরে দাঁড়া দাঁড়া,অত ব্যস্ত হ'লে ফস্কাবে শিকার।চুপিচুপি আয়, চুপিচুপি আয়অশথতলায়--এবার ঠিক্‌ঠাক্‌ হয়ে সবে থাক্‌--সাবধান, ধর বাণ, সাবধান, ছাড় বাণ--গেল গেল ওই ওই পালায় পালায়--চল্‌ চল্‌--ছোট্‌ রে পিছে, আয় রে ত্বরা যাই।;রাগ: ভূপালীতাল: কাহারবারচনাকাল (বঙ্গাব্দ): 1289রচনাকাল (খৃষ্টাব্দ): 1882স্বরলিপিকার: দিনেন্দ্রনাথ ঠাকুর, ইন্দিরা দেবী;কালমৃগয়া (গীতবিতান) (kalmrigoya gitabitan)
ঠাকুরমশয়, দেরি না সয়--তোমার আশায় সবাই ব'সে।শিকারেতে হবে যেতে,মিহি কোমর বাঁধ ক'ষে!বন বাদাড় সব ঘেঁটেঘুঁটে,আমরা মরি খেটেখুটে,তুমি কেবল লুটেপুটেপেট পোরাবে ঠেসেঠুসে!;রাগ: মিশ্র শঙ্করাতাল: একতালরচনাকাল (বঙ্গাব্দ): 1289রচনাকাল (খৃষ্টাব্দ): 1882স্বরলিপিকার: দিনেন্দ্রনাথ ঠাকুর, ইন্দিরা দেবী;কালমৃগয়া (গীতবিতান) (kalmrigoya gitabitan)
আঃ, বেঁচেছি এখন!শর্ম্মা ও দিকে আর নন।গোলেমালে ফাঁকতালে সটকেছি কেমন।বাবা! দেখে বরা'র দাঁতের পাটিলেগেছিল দাঁত-কপাটি,পড়ল খ'সে হাতের লাঠিকে জানে কখন।চুলগুলা সব ঘাড়ে খাড়া,চক্ষুদুটো মশাল-পারা,গোঁ ভরে হেঁট-মুখে তাড়াকল্লে সে যখন--রাস্তা দেখতে পাই নে চোখে,পেটের মধ্যে হাত পা ঢোকে,চুপসে গেল ফাঁপা ভুঁড়িশঙ্কাতে তখন।;রাগ: কাফিতাল: কাহারবা-দাদরারচনাকাল (বঙ্গাব্দ): 1289রচনাকাল (খৃষ্টাব্দ): 1882স্বরলিপিকার: দিনেন্দ্রনাথ ঠাকুর;কালমৃগয়া (গীতবিতান) (kalmrigoya gitabitan)
এনেছি মোরা এনেছি মোরারাশি রাশি শিকার!করেছি ছারখার,সব করেছি ছারখার!বনবাদাড় তোলপাড়,করেছি রে উজাড়!;রাগ: ইমন-ভূপালীতাল: দাদরারচনাকাল (বঙ্গাব্দ): 1289রচনাকাল (খৃষ্টাব্দ): 1882স্বরলিপিকার: দিনেন্দ্রনাথ ঠাকুর, ইন্দিরা দেবী;কালমৃগয়া (গীতবিতান) (kalmrigoya gitabitan)
কে এল আজি এ ঘোর নিশীথেসাধের কাননে শান্তি নাশিতে।মত্ত করী যত পদ্মবন দলেবিমল সরোবর মন্থিয়া,ঘুমন্ত বিহগে কেন বধে রেসঘনে খর শর সন্ধিয়া!তরাসে চমকিয়ে হরিণ হরিণীস্খলিত চরণে ছুটিছে!স্খলিত চরণে ছুটিছে কাননে,করুণনয়নে চাহিছে।আকুল সরসী, সারস সারসীশরবনে পশি কাঁদিছে।তিমির দিগভরি ঘোর যামিনী,বিপদ ঘনছায়া ছাইয়া।কি জানি কি হবে, আজি এ নিশীথে,তরাসে প্রাণ ওঠে কাঁপিয়া!;রাগ: দেশ-মল্লারতাল: তেওরারচনাকাল (বঙ্গাব্দ): 1289রচনাকাল (খৃষ্টাব্দ): 1882স্বরলিপিকার: দিনেন্দ্রনাথ ঠাকুর, ইন্দিরা দেবী;কালমৃগয়া (গীতবিতান) (kalmrigoya gitabitan)
না জানি কোথা এলুম, এ যে ঘোর বন।কোথা গেল সে করিশিশু, কোথা লুকাল!একে ত জটিল বন, তাহে আঁধার ঘন!যাক্‌-না যাবে সে কত দূর, কত দূর--যাব পিছে পিছে--না না না না, ও কি শুনি!ওই সে সরযূতীরে করিছে সলিল পানশবদ শুনি যে ওই, এই তবে ছাড়ি বাণ!;রাগ: নট-খাম্বাজতাল: ত্রিতালরচনাকাল (বঙ্গাব্দ): 1289রচনাকাল (খৃষ্টাব্দ): 1882স্বরলিপিকার: ইন্দিরা দেবী;কালমৃগয়া (গীতবিতান) (kalmrigoya gitabitan)
কি করিনু হায়!এ ত নয় রে করিশিশু, ঋষির তনয়!নিঠুর প্রখর বাণে রুধিরে আপ্লুতকায়কার রে প্রাণের বাছা ধুলাতে লুটায়!কি কুলগ্নে না জানি রে ধরিলাম বাণ,কি মহাপাতকে কার বধিলাম প্রাণ!দেবতা, অমৃতনীরে হারা-প্রাণ দাও ফিরে,নিয়ে যাও মায়ের কোলে মায়ের বাছায়!;রাগ: বেহাগ-খাম্বাজতাল: আড়াঠেকারচনাকাল (বঙ্গাব্দ): 1289রচনাকাল (খৃষ্টাব্দ): 1882স্বরলিপিকার: ইন্দিরা দেবী;কালমৃগয়া (গীতবিতান) (kalmrigoya gitabitan)
কি দোষ করেছি তোমার,কেন গো হানিলে বাণ!একই বাণে বধিলে যেদুটি অভাগার প্রাণ!শিশু বনচারী আমিকিছুই নাহিক জানি--ফল মূল তুলে আনি,করি সামবেদ গান!জন্মান্ধ জনক মমতৃষায় কাতর হয়েরয়েছেন পথ চেয়ে_কখন যাব বারি লয়ে।মরণান্তে নিয়ে যেও,এ দেহ তাঁর কোলে দিও--দেখো, দেখো ভুলোনাকো,কোরো তাঁরে বারিদান!মার্জ্জনা করিবেন পিতা,তাঁর যে দয়ার প্রাণ!;রাগ: মিশ্র খটতাল: ঝাঁপতালরচনাকাল (বঙ্গাব্দ): 1289রচনাকাল (খৃষ্টাব্দ): 1882স্বরলিপিকার: ইন্দিরা দেবী;কালমৃগয়া (গীতবিতান) (kalmrigoya gitabitan)
আমার প্রাণ যে ব্যাকুল হয়েছে--হা তাত, একবার আয় রে!ঘোরা রজনী, একাকীকোথা রহিলে এ সময়ে!প্রাণ যে চমকে মেঘগরজনে--কী হবে কে জানে!;রাগ: মিশ্র ঝিঁঝিট-খাম্বাজতাল: মধ্যমানরচনাকাল (বঙ্গাব্দ): 1289রচনাকাল (খৃষ্টাব্দ): 1882স্বরলিপিকার: ইন্দিরা দেবী;কালমৃগয়া (গীতবিতান) (kalmrigoya gitabitan)
"বল বল পিতা, কোথা সে গিয়েছে!কোথা সে ভাইটি মম, কোন্‌ কাননে!কেন তাহারে নাহি হেরি!খেলিবে সকালে আজ বলেছিল সে,তবু কেন এখন না এল?বনে বনে ফিরি ""ভাই' ""ভাই' করিয়ে,কেন গো সাড়া পাই নে!";রাগ: রামকেলীতাল: ত্রিতালরচনাকাল (বঙ্গাব্দ): 1289রচনাকাল (খৃষ্টাব্দ): 1882স্বরলিপিকার: ইন্দিরা দেবী;কালমৃগয়া (গীতবিতান) (kalmrigoya gitabitan)
কে জানে কোথা সে!প্রহর গণিয়া গণিয়া বিরলেতারি লাগি ব'সে আছি!একা হেথা, কুটীরদুয়ারে--বাছা রে এলি নে!ত্বরা আয়, ত্বরা আয়, আয় রে_জল আনিয়ে কাজ নাই,তুই যে আমার পিপাসার জল!কেন রে জাগিছে মনে ভয়!কেন আজি তোরে,হারাই হারাই মনে হয়!কে জানে!;রাগ: বেহাগ-খাম্বাজতাল: ত্রিতালরচনাকাল (বঙ্গাব্দ): 1289রচনাকাল (খৃষ্টাব্দ): 1882স্বরলিপিকার: ইন্দিরা দেবী;কালমৃগয়া (গীতবিতান) (kalmrigoya gitabitan)
এতক্ষণে বুঝি এলি রে!হৃদিমাঝে আয় রে, বাছা রে!কোথা ছিলি বনে, এ ঘোর রাতে,এ দুর্য্যোগে, অন্ধ পিতারে ভুলি!আছি সারানিশি হায় রেপথ চাহিয়ে, আছি তৃষায় কাতর--দে মুখে বারি, কাছে আয় রে!;রাগ: কাফি-কানাড়াতাল: চৌতালরচনাকাল (বঙ্গাব্দ): 1289রচনাকাল (খৃষ্টাব্দ): 1882স্বরলিপিকার: ইন্দিরা দেবী;কালমৃগয়া (গীতবিতান) (kalmrigoya gitabitan)
অজ্ঞানে কর হে ক্ষমা, তাত, ধরি চরণে--কেমনে কহিব, শিহরি আতঙ্কে!আঁধারে সন্ধানি শর খরতরকরী-ভ্রমে বধি তব পুত্রবর,গ্রহদোষে পড়েছি পাপপঙ্কে!;রাগ: মিশ্র রাজবিজয়তাল: ত্রিতালরচনাকাল (বঙ্গাব্দ): 1289রচনাকাল (খৃষ্টাব্দ): 1882স্বরলিপিকার: ইন্দিরা দেবী;কালমৃগয়া (গীতবিতান) (kalmrigoya gitabitan)
কি বলিলে, কি শুনিলাম, একি কভু হয়!এই যে জল আনিবারে গেল সে সরযূতীরে--কার সাধ্য বধে, সে যে ঋষির তনয়!সুকুমার শিশু সে যে, স্নেহের বাছা রে,আছে কি নিষ্ঠুর কেহ বধিবে যে তারে!না না না, কোথা সে আছে-- এনে দে আমার কাছে,সারা নিশি জেগে আছি বিলম্ব না সয়!এখনো যে নিরুত্তর-- নাহি প্রাণে ভয়!রে দুরাত্মা-- কী করিলি--;রাগ: মিশ্র বাহারতাল: ত্রিতালরচনাকাল (বঙ্গাব্দ): 1289রচনাকাল (খৃষ্টাব্দ): 1882স্বরলিপিকার: ইন্দিরা দেবী;কালমৃগয়া (গীতবিতান) (kalmrigoya gitabitan)
ক্ষমা কর মোরে তাত,আমি যে পাতকী ঘোর,না জেনে হয়েছি দোষী,মার্জ্জনা নাহি কি মোর!ও! সহে না যাতনা আর,শান্তি পাইব কোথায়--তুমি কৃপা না করিলেনাহি যে কোন উপায়!আমি দীন হীন অতি--ক্ষম ক্ষম কাতরে,প্রভু হে, করহ ত্রাণএ পাপের পাথারে।কাফি-- আড়াঠেকা;রাগ: মিশ্র বেহাগতাল: ত্রিতালরচনাকাল (বঙ্গাব্দ): 1289রচনাকাল (খৃষ্টাব্দ): 1882স্বরলিপিকার: ইন্দিরা দেবী;কালমৃগয়া (গীতবিতান) (kalmrigoya gitabitan)
আহা, কেমনে বধিল তোরে!তুই যে স্নেহের পুতলি, সুকুমার শিশু ওরে!বড় কি বেজেছে বুকে, বাছা রে,কোলে আয়, কোলে আয় একবার--ধূলোতে কেন লুটায়ে, রাখিব বুকে ক'রে!;রাগ: কাফিতাল: আড়াঠেকারচনাকাল (বঙ্গাব্দ): 1289রচনাকাল (খৃষ্টাব্দ): 1882স্বরলিপিকার: ইন্দিরা দেবী;কালমৃগয়া (গীতবিতান) (kalmrigoya gitabitan)
শোক তাপ গেল দূরে,মার্জ্জনা করিনু তোরে!;রাগ: নটনারায়ণতাল: ঝাঁপতালরচনাকাল (বঙ্গাব্দ): 1289রচনাকাল (খৃষ্টাব্দ): 1882স্বরলিপিকার: ইন্দিরা দেবী;কালমৃগয়া (গীতবিতান) (kalmrigoya gitabitan)
যাও রে অনন্তধামে মোহ মায়া পাশরিদুঃখ আঁধার যেথা কিছুই নাহি।জরা নাহি, মরণ নাহি, শোক নাহি যে লোকে,কেবলি আনন্দস্রোত চলিছে প্রবাহি!যাও রে অনন্তধামে, অমৃতনিকেতনে,অমরগণ লইবে তোমা উদারপ্রাণে!দেব-ঋষি, রাজ-ঋষি, ব্রহ্ম-ঋষি যে লোকেধ্যানভরে গান করে এক তানে!যাও রে অনন্তধামে জ্যোতিময় আলয়ে,শুভ্র সেই চিরবিমল পুণ্য কিরণে--যায় যেথা দানব্রত, সত্যব্রত, পুণ্যবান,যাও বৎস, যাও সেই দেবসদনে!;রাগ: প্রভাতী-গুজরাটিতাল: ঝাঁপতালরচনাকাল (বঙ্গাব্দ): 1289রচনাকাল (খৃষ্টাব্দ): 1882স্বরলিপিকার: ইন্দিরা দেবী;কালমৃগয়া (গীতবিতান) (kalmrigoya gitabitan)
সকলি ফুরাল, স্বপনপ্রায়,কোথা সে লুকাল, কোথা সে হায়!কুসুমকানন হয়েছে ম্লান,পাখীরা কেন রে গাহে না গান,ও!  সব হেরি শূন্যময়,কোথা সে হায়!কাহার তরে আর ফুটিবে ফুল,মাধবী মালতী কেঁদে আকুল,সেই যে আসিত তুলিতে জল,সেই যে আসিত পাড়িতে ফল,ও!  সে আর আসিবে না,কোথা সে হায়!;রাগ: বিলাতি ভাঙাতাল: একতালরচনাকাল (বঙ্গাব্দ): 1289রচনাকাল (খৃষ্টাব্দ): 1882স্বরলিপিকার: ইন্দিরা দেবী;কালমৃগয়া (গীতবিতান) (kalmrigoya gitabitan)
নব বসন্তের দানের ডালি এনেছি তোদেরি দ্বারে,আয় আয় আয়,পরিবি গলার হারে।লতার বাঁধন হারায়ে মাধবী মরিছে কেঁদে--বেণীর বাঁধনে রাখিবি বেঁধে,অলকদোলায় দুলাবি তারে,আয় আয় আয়।বনমাধুরী করিবি চুরিআপন নবীন মাধুরীতে--সোহিনী রাগিণী জাগাবে সে তোদেরদেহের বীণার তারে তারে,আয় আয় আয়॥;রাগ: কালাংড়াতাল: ষষ্ঠীরচনাকাল (বঙ্গাব্দ): 1344রচনাকাল (খৃষ্টাব্দ): 1938স্বরলিপিকার: শৈলজারঞ্জন মজুমদার;চণ্ডালিকা (গীতবিতান) (chadalika gitabitan)
আমার মালার ফুলের দলে আছে লেখাবসন্তের মন্ত্রলিপি।এর মাধুর্যে আছে যৌবনের আমন্ত্রণ।সাহানা রাগিণী এররাঙা রঙে রঞ্জিত,মধুকরের ক্ষুধা অশ্রুত ছন্দেগন্ধে তার গুঞ্জরে।আন্‌ গো ডালা, গাঁথ্‌ গো মালা,আন্‌ মাধবী মালতী অশোকমঞ্জরী,আয় তোরা আয়।আন্‌ করবী রঙ্গন কাঞ্চন রজনীগন্ধাপ্রফুল্ল মল্লিকা,আয় তোরা আয়।মালা পর্‌ গো মালা পর্‌ সুন্দরী,ত্বরা কর্‌ গো ত্বরা কর্‌।আজি পূর্ণিমা রাতে জাগিছে চন্দ্রমা,বকুলকুঞ্জদক্ষিণবাতাসে দুলিছে কাঁপিছেথরথর মৃদু মর্মরি।নৃত্যপরা বনাঙ্গনা বনাঙ্গনে সঞ্চরে,চঞ্চলিত চরণ ঘেরি মঞ্জীর তার গুঞ্জরে।দিস নে মধুরাতি বৃথা বহিয়েউদাসিনী, হায় রে।শুভলগন গেলে চলে ফিরে দেবে না ধরা,সুধাপসরাধুলায় দেবে শূন্য করি,শুকাবে বঞ্জুলমঞ্জরী।চন্দ্রকরে অভিষিক্ত নিশীথে ঝিল্লিমুখর বনছায়েতন্দ্রাহারা পিক-বিরহকাকলি-কূজিত দক্ষিণবায়েমালঞ্চ মোর ভরল ফুলে ফুলে ফুলে গো,কিংশুকশাখা চঞ্চল হল দুলে দুলে গো॥;রাগ: কালাংড়া-বাহার-পিলু-মূলতানতাল: খেমটা - কাহারবারচনাকাল (বঙ্গাব্দ): 1344রচনাকাল (খৃষ্টাব্দ): 1938স্বরলিপিকার: শৈলজারঞ্জন মজুমদার;চণ্ডালিকা (গীতবিতান) (chadalika gitabitan)
দই চাই গো, দই চাই, দই চাই গো?শ্যামলী আমার গাই,তুলনা তাহার নাই।কঙ্কনানদীর ধারেভোরবেলা নিয়ে যাই তারে--দূর্বাদলঘন মাঠে তারেসারা বেলা চরাই, চরাই গো।দেহখানি তার চিক্কণ কালো,যত দেখি তত লাগে ভালো।কাছে বসে যাই ব'কে,উত্তর দেয় সে চোখে,পিঠে মোর রাখে মাথা--গায়ে তার হাত বুলাই, হাত বুলাই গো॥;রাগ: ইমন-কীর্তনতাল: কাহারবারচনাকাল (বঙ্গাব্দ): 1344রচনাকাল (খৃষ্টাব্দ): 1938স্বরলিপিকার: শৈলজারঞ্জন মজুমদার;চণ্ডালিকা (গীতবিতান) (chadalika gitabitan)
ওকে    ছুঁয়ো না, ছুঁয়ো না, ছি,ও যে    চণ্ডালিনীর ঝি--নষ্ট হবে যে দইসে কথা জানো না কি।;রাগ: ইমন-ভূপালীতাল: দাদরারচনাকাল (বঙ্গাব্দ): 1344রচনাকাল (খৃষ্টাব্দ): 1938স্বরলিপিকার: শৈলজারঞ্জন মজুমদার;চণ্ডালিকা (গীতবিতান) (chadalika gitabitan)
ওগো      তোমরা যত পাড়ার মেয়ে,এসো এসো দেখো চেয়ে,এনেছি কাঁকনজোড়াসোনালি তারে মোড়া।আমার কথা শোনো,হাতে লহ প'রে,যারে রাখিতে চাহ ধ'রেকাঁকন দুটি বেড়ি হয়েবাঁধিবে মন তাহার--আমি দিলাম কয়ে॥;রাগ: ভৈরবীতাল: কাহারবারচনাকাল (বঙ্গাব্দ): 1344রচনাকাল (খৃষ্টাব্দ): 1938স্বরলিপিকার: শৈলজারঞ্জন মজুমদার;চণ্ডালিকা (গীতবিতান) (chadalika gitabitan)
যে আমারে পাঠাল এইঅপমানের অন্ধকারেপূজিব না, পূজিব না সেই দেবতারে পূজিব না।কেন দিব ফুল, কেন দিব ফুল,কেন দিব ফুল আমি তারে--যে আমারে চিরজীবনরেখে দিল এই ধিক্‌কারে।জানি না হায় রে   কী দুরাশায় রেপূজাদীপ জ্বালি মন্দিরদ্বারে।আলো তার নিল হরিয়াদেবতা ছলনা করিয়া,আঁধারে রাখিল আমারে॥;রাগ: সোহিনীতাল: কাহারবা-তেওরা-দাদরারচনাকাল (বঙ্গাব্দ): 1344রচনাকাল (খৃষ্টাব্দ): 1938স্বরলিপিকার: শৈলজারঞ্জন মজুমদার;চণ্ডালিকা (গীতবিতান) (chadalika gitabitan)
কী যে ভাবিস তুই অন্যমনেনিষ্কারণে--বেলা বহে যায়, বেলা বহে যায় যে।রাজবাড়িতে ওই বাজে ঘণ্টা ঢং ঢং ঢং ঢং ঢং ঢং,বেলা বহে যায়।রৌদ্র হয়েছে অতি তিখনোআঙিনা হয় নি যে নিকোনো,তোলা হল না জল,পাড়া হল না ফল,কখন্‌ বা চুলো তুই ধরাবি।কখন্‌ ছাগল তুই চরাবি।ত্বরা কর্‌, ত্বরা কর্‌, ত্বরা কর্‌--জল তুলে নিয়ে তুই চল্‌ ঘর।রাজবাড়িতে ওই বাজে ঘণ্টাঢং ঢং ঢং ঢং ঢং ঢংওই যে বেলা বহে যায়।;রাগ: ইমনকল্যাণতাল: কাহারবারচনাকাল (বঙ্গাব্দ): 1344রচনাকাল (খৃষ্টাব্দ): 1938স্বরলিপিকার: শৈলজারঞ্জন মজুমদার;চণ্ডালিকা (গীতবিতান) (chadalika gitabitan)
কাজ নেই, কাজ নেই মা,কাজ নেই মোর ঘরকন্নায়।যাক ভেসে যাকযাক ভেসে সব বন্যায়।জন্ম কেন দিলি মোরে,লাঞ্ছনা জীবন ভ'রে--মা হয়ে আনিলি এই অভিশাপ!কার কাছে বল্‌ করেছি কোন্‌ পাপ,বিনা অপরাধে একি ঘোর অন্যায়॥;রাগ: বেহাগ-ইমনতাল: কাহারবারচনাকাল (বঙ্গাব্দ): 1344রচনাকাল (খৃষ্টাব্দ): 1938স্বরলিপিকার: শৈলজারঞ্জন মজুমদার;চণ্ডালিকা (গীতবিতান) (chadalika gitabitan)
থাক্‌ তবে থাক্‌ তুই পড়ে,মিথ্যা কান্না কাঁদ্‌ তুইমিথ্যা দুঃখ গ'ড়ে॥;রাগ: ইমনতাল: কাহারবারচনাকাল (বঙ্গাব্দ): 1344রচনাকাল (খৃষ্টাব্দ): 1938স্বরলিপিকার: শৈলজারঞ্জন মজুমদার;চণ্ডালিকা (গীতবিতান) (chadalika gitabitan)
জল দাও আমায় জল দাও,রৌদ্র প্রখরতর, পথ সুদীর্ঘ,আমায় জল দাও।আমি তাপিত পিপাসিত,আমায় জল দাও।আমি শ্রান্ত,আমায় জল দাও।;রাগ: ভৈরবীতাল: কাহারবারচনাকাল (বঙ্গাব্দ): 1344রচনাকাল (খৃষ্টাব্দ): 1938স্বরলিপিকার: শৈলজারঞ্জন মজুমদার;চণ্ডালিকা (গীতবিতান) (chadalika gitabitan)
ক্ষমা করো প্রভু, ক্ষমা করো মোরে--আমি চণ্ডালের কন্যা,মোর কূপের বারি অশুচি।তোমারে দেব জল হেন পুণ্যের আমিনহি অধিকারিণী,আমি চণ্ডালের কন্যা।;রাগ: ভৈরবীতাল: কাহারবারচনাকাল (বঙ্গাব্দ): 1344রচনাকাল (খৃষ্টাব্দ): 1938স্বরলিপিকার: শৈলজারঞ্জন মজুমদার;চণ্ডালিকা (গীতবিতান) (chadalika gitabitan)
শুধু একটি গণ্ডূষ জল,আহা নিলেন তাঁহার করপুটের কমলকলিকায়।আমার কূপ যে হল অকূল সমুদ্র--এই যে নাচে এই যে নাচে তরঙ্গ তাহার,আমার জীবন জুড়ে নাচে--টলোমলো করে আমার প্রাণ,আমার জীবন জুড়ে নাচে।ওগো কী আনন্দ, কী আনন্দ, কী পরম মুক্তি!একটি গণ্ডূষ জল--আমার জন্মজন্মান্তরের কালি ধুয়ে দিল গোশুধু একটি গণ্ডূষ জল॥;রাগ: কীর্তনতাল: তেওরারচনাকাল (বঙ্গাব্দ): 1344রচনাকাল (খৃষ্টাব্দ): 1938স্বরলিপিকার: শৈলজারঞ্জন মজুমদার;চণ্ডালিকা (গীতবিতান) (chadalika gitabitan)
মাটি তোদের ডাক দিয়েছে আয় রে চলে,আয় আয় আয়।ডালা যে তার ভরেছে আজ পাকা ফসলে--মরি    হায় হায় হায়।হাওয়ার নেশায় উঠল মেতে,দিগ্‌ বধূরা ফসলখেতে,রোদের সোনা ছড়িয়ে পড়ে ধরার আঁচলে--মরি    হায় হায় হায়।মাঠের বাঁশি শুনে শুনে আকাশ খুশি হল।ঘরেতে আজ কে রবে গো, খোলো দুয়ার খোলো।আলোর হাসি উঠল জেগে,পাতায় পাতায় চমক লেগেবনের খুশি ধরে না গো, ওই যে উথলে--মরি    হায় হায় হায়॥;রাগ: বাউলতাল: দাদরারচনাকাল (বঙ্গাব্দ): 1344রচনাকাল (খৃষ্টাব্দ): 1938স্বরলিপিকার: দিনেন্দ্রনাথ ঠাকুর;চণ্ডালিকা (গীতবিতান) (chadalika gitabitan)
ওগো     ডেকো না মোরে ডেকো না।আমার কাজভোলা মন, আছে দূরে কোন্‌--করে স্বপনের সাধনা।ধরা দেবে না অধরা ছায়া,রচি গেছে মনে মোহিনী মায়া--জানি না এ কী দেবতারি দয়া,জানি না এ কী ছলনা।আঁধার অঙ্গনে প্রদীপ জ্বালি নি,দগ্ধ কাননের আমি যে মালিনী,শূন্য হাতে আমি কাঙালিনীকরি নিশিদিন যাপনা।যদি সে আসে তার চরণছায়েবেদনা আমার দিব বিছায়ে,জানাব তাহারে অশ্রুসিক্তরিক্ত জীবনের কামনা॥;রাগ: খাম্বাজতাল: কাহারবারচনাকাল (বঙ্গাব্দ): 1344রচনাকাল (খৃষ্টাব্দ): 1938স্বরলিপিকার: শৈলজারঞ্জন মজুমদার;চণ্ডালিকা (গীতবিতান) (chadalika gitabitan)
স্বর্ণবর্ণে সমুজ্জ্বল নব চম্পাদলেবন্দিব শ্রীমুনীন্দ্রের পাদপদ্মতলে।পুণ্যগন্ধে পূর্ণ বায়ু হল সুগন্ধিত,পুষ্পমাল্যে করি তাঁর চরণ বন্দিত॥;রাগ: সাহানাতাল: তেওরারচনাকাল (বঙ্গাব্দ): 1344রচনাকাল (খৃষ্টাব্দ): 1938স্বরলিপিকার: শৈলজারঞ্জন মজুমদার;চণ্ডালিকা (গীতবিতান) (chadalika gitabitan)
ফুল বলে, ধন্য আমিধন্য আমি মাটির 'পরে।দেবতা ওগো, তোমার সেবাআমার ঘরে।জন্ম নিয়েছি ধূলিতে,দয়া করে দাও ভুলিতে,নাই ধূলি মোর অন্তরে।নয়ন তোমার নত করো,দলগুলি কাঁপে থরোথরো।চরণপরশ দিয়ো দিয়ো,ধূলির ধনকে করো স্বর্গীয়,ধরার প্রণাম আমি তোমার তরে॥;রাগ: ইমনকল্যাণতাল: কাহারবারচনাকাল (বঙ্গাব্দ): 1340রচনাকাল (খৃষ্টাব্দ): 1933স্বরলিপিকার: দিনেন্দ্রনাথ ঠাকুর;চণ্ডালিকা (গীতবিতান) (chadalika gitabitan)
তুই অবাক ক'রে দিলি আমায় মেয়ে।পুরাণে শুনি না কি তপ করেছেন উমারোদের জ্বলনে,তোর কি হল তাই।;রাগ: মিশ্র ভৈরবীতাল: দাদরারচনাকাল (বঙ্গাব্দ): 1344রচনাকাল (খৃষ্টাব্দ): 1938স্বরলিপিকার: শৈলজারঞ্জন মজুমদার;চণ্ডালিকা (গীতবিতান) (chadalika gitabitan)
যে আমারে দিয়েছে ডাক,বচনহারা আমাকে দিয়েছে বাক্‌।যে আমারি জেনেছে নাম,ওগো তারি নামখানি মোর হৃদয়ে থাক্‌।আমি তারি বিচ্ছেদদহনেতপ করি চিত্তের গহনে।দুঃখের পাবকে হয়ে যায় শুদ্ধঅন্তরে মলিন যাহা আছে রুদ্ধ,অপমান-নাগিনীর খুলে যায় পাক॥;রাগ: মিশ্র কেদারাতাল: কাহারবারচনাকাল (বঙ্গাব্দ): 1344রচনাকাল (খৃষ্টাব্দ): 1938স্বরলিপিকার: দিনেন্দ্রনাথ ঠাকুর;চণ্ডালিকা (গীতবিতান) (chadalika gitabitan)
কিসের ডাক তোর কিসের ডাক।কোন্‌          পাতালবাসী অপদেবতার ইশারাতোকে ভুলিয়ে নিয়ে যাবে,আমি মন্ত্র প'ড়ে কাটাব তার মায়া।;রাগ: কীর্তনতাল: তেওরারচনাকাল (বঙ্গাব্দ): 1344রচনাকাল (খৃষ্টাব্দ): 1938স্বরলিপিকার: শৈলজারঞ্জন মজুমদার;চণ্ডালিকা (গীতবিতান) (chadalika gitabitan)
"হাঁ গো মা, সেই কথাই তো ব'লে গেলেন তিনি,তিনি আমার আপন জাতের লোক।আমি চণ্ডালী, সে যে মিথ্যা, সে যে মিথ্যা,সে যে দারুণ মিথ্যা।শ্রাবণের কালো যে মেঘতারে যদি নাম দাও ""চণ্ডাল',তা ব'লে কি জাত ঘুচিবে তার,অশুচি হবে কি তার জল।তিনি ব'লে গেলেন আমায়--নিজেরে নিন্দা কোরো না,মানবের বংশ তোমার,মানবের রক্ত তোমার নাড়ীতে।ছি ছি মা, মিথ্যা নিন্দা রটাস নে নিজের,সে-যে পাপ।রাজার বংশে দাসী জন্মায় অসংখ্য,আমি সে দাসী নই।দ্বিজের বংশে চণ্ডাল কত আছে,আমি নই চণ্ডালী।";রাগ: মিশ্র সুরতাল: দাদরারচনাকাল (বঙ্গাব্দ): 1344রচনাকাল (খৃষ্টাব্দ): 1938স্বরলিপিকার: শৈলজারঞ্জন মজুমদার;চণ্ডালিকা (গীতবিতান) (chadalika gitabitan)
কী কথা বলিস তুই,আমি যে তোর ভাষা বুঝি নে।তোর মুখে কে দিল এমন বাণী।স্বপ্নে কি কেউ ভর করেছে তোকেতোর গতজন্মের সাথি।আমি যে তোর ভাষা বুঝি নে।;রাগ: কীর্তনতাল: দাদরারচনাকাল (বঙ্গাব্দ): 1344রচনাকাল (খৃষ্টাব্দ): 1938স্বরলিপিকার: শৈলজারঞ্জন মজুমদার;চণ্ডালিকা (গীতবিতান) (chadalika gitabitan)
এ নতুন জন্ম, নতুন জন্ম,নতুন জন্ম আমার।সেদিন বাজল দুপুরের ঘণ্টা,ঝাঁ ঝাঁ করে রোদ্‌দুর,স্নান করাতেছিলেম কুয়োতলায়মা-মরা বাছুরটিকে।সামনে এসে দাঁড়ালেনবৌদ্ধ ভিক্ষু আমার--বললেন, জল দাও।শিউরে উঠল দেহ আমার,চমকে উঠল প্রাণ।বল্‌ দেখি মা,সারা নগরে কি কোথাও নেই জল!কেন এলেন আমার কুয়োর ধারে,আমাকে দিলেন সহসামানুষের তৃষ্ণা-মেটানো সম্মান।;রাগ: কীর্তনতাল: দাদরারচনাকাল (বঙ্গাব্দ): 1344রচনাকাল (খৃষ্টাব্দ): 1938স্বরলিপিকার: শৈলজারঞ্জন মজুমদার;চণ্ডালিকা (গীতবিতান) (chadalika gitabitan)
বলে,   দাও জল, দাও জল।দেব আমি কে দিয়েছে হেন সম্বল।কালো মেঘ-পানে চেয়েএল ধেয়েচাতক বিহ্বল--বলে,   দাও জল।ভূমিতলে হারাউৎসের ধারাঅন্ধকারেকারাগারে।কার সুগভীর বাণীদিল হানিকালো শিলাতল--বলে    দাও জল॥--;রাগ: বেহাগতাল: দাদরারচনাকাল (বঙ্গাব্দ): 1344রচনাকাল (খৃষ্টাব্দ): 1938স্বরলিপিকার: দিনেন্দ্রনাথ ঠাকুর;চণ্ডালিকা (গীতবিতান) (chadalika gitabitan)
সে যে পথিক আমার,হৃদয়পথের পথিক আমার।হায় রে আর সে তো এল না এল না,এ পথে এল না,আর সে যে চাইল না জল।আমার হৃদয় তাই হল মরুভূমি,শুকিয়ে গেল তার রস--সে যে চাইল না জল।;রাগ: মিশ্র বেহাগ-কীর্তনতাল: ঝাঁপতালরচনাকাল (বঙ্গাব্দ): 1344রচনাকাল (খৃষ্টাব্দ): 1938স্বরলিপিকার: শৈলজারঞ্জন মজুমদার;চণ্ডালিকা (গীতবিতান) (chadalika gitabitan)
চক্ষে আমার তৃষ্ণা,তৃষ্ণা আমার বক্ষ জুড়ে।আমি বৃষ্টিবিহীন বৈশাখী দিন,সন্তাপে প্রাণ যায় যে পুড়ে।ঝড় উঠেছে তপ্ত হাওয়ায় হাওয়ায়,মনকে সুদূর শূন্যে ধাওয়ায়--অবগুণ্ঠন যায় যে উড়ে।যে ফুল কানন করত আলো,কালো হয়ে সে শুকালো।ঝরনারে কে দিল বাধা--নিষ্ঠুর পাষাণে বাঁধাদুঃখের শিখরচূড়ে॥;রাগ: বৃন্দাবনী সারং-আড়ানাতাল: ঝাঁপতালরচনাকাল (বঙ্গাব্দ): 1344রচনাকাল (খৃষ্টাব্দ): 1938স্বরলিপিকার: শৈলজারঞ্জন মজুমদার;চণ্ডালিকা (গীতবিতান) (chadalika gitabitan)
বাছা, সহজ ক'রে বল আমাকেমন কাকে তোর চায়।বেছে নিস মনের মতন বর--রয়েছে তো অনেক আপন জন।আকাশের চাঁদের পানেহাত বাড়াস নে।;রাগ: বেহাগতাল: দাদরারচনাকাল (বঙ্গাব্দ): 1344রচনাকাল (খৃষ্টাব্দ): 1938স্বরলিপিকার: শৈলজারঞ্জন মজুমদার;চণ্ডালিকা (গীতবিতান) (chadalika gitabitan)
আমি চাই তাঁরেআমারে দিলেন যিনি সেবিকার সম্মান,ঝড়ে-পড়া ধুতরো ফুলধুলো হতে তুলে নিলেন যিনি দক্ষিণ করে।ওগো প্রভু, ওগো প্রভুসেই ফুলে মালা গাঁথো,পরো পরো আপন গলায়,ব্যর্থ হতে তারে দিয়ো না দিয়ো না।;রাগ: রামকেলী-ভৈরবীতাল: কাহারবারচনাকাল (বঙ্গাব্দ): 1344রচনাকাল (খৃষ্টাব্দ): 1938স্বরলিপিকার: শৈলজারঞ্জন মজুমদার;চণ্ডালিকা (গীতবিতান) (chadalika gitabitan)
সাত দেশেতে খুঁজে খুঁজে গোশেষকালে এই ঠাঁইভাগ্যে দেখা পেলেম রক্ষা তাই।;রাগ: কীর্তনতাল: দাদরারচনাকাল (বঙ্গাব্দ): 1344রচনাকাল (খৃষ্টাব্দ): 1938স্বরলিপিকার: শৈলজারঞ্জন মজুমদার;চণ্ডালিকা (গীতবিতান) (chadalika gitabitan)
ওগো মা, ওই কথাই তো ভালো।মন্ত্র জানিস তুই,মন্ত্র প'ড়েদে তাঁকে তুই এনে।;রাগ: মিশ্র কেদারাতাল: ঝাঁপতালরচনাকাল (বঙ্গাব্দ): 1344রচনাকাল (খৃষ্টাব্দ): 1938স্বরলিপিকার: শৈলজারঞ্জন মজুমদার;চণ্ডালিকা (গীতবিতান) (chadalika gitabitan)
"না, কিছুই থাকবে না, কিছুই থাকবে না,কিছুই না, কিছুই না।যদি আমার সব মিটে যায়সব মিটে যায়,তবেই আমি বেঁচে যাব যেচিরদিনের তরেযখন কিছুই থাকবে না।দেবার আমার আছে কিছুএই কথাটাই যেভুলিয়ে রেখেছিল সবাই মিলে--আজ জেনেছি, আমি নই-যে অভাগিনী;দেবই আমি, দেবই আমি, দেব,উজাড় করে দেব আমারে।কোনো ভয় আর নেই আমার।পড়্‌ তোর মন্তর, পড়্‌ তোর মন্তর,ভিক্ষুরে নিয়ে আয় অমানিতার পাশে,সে'ই তারে দিবে সম্মান--এত মান আর কেউ দিতে কি পারে।";রাগ: কেদারাতাল: দাদরারচনাকাল (বঙ্গাব্দ): 1344রচনাকাল (খৃষ্টাব্দ): 1938স্বরলিপিকার: শৈলজারঞ্জন মজুমদার;চণ্ডালিকা (গীতবিতান) (chadalika gitabitan)
বাছা, তুই যে আমার বুকচেরা ধন।তোর কথাতেই চলেছিপাপের পথে, পাপীয়সী।হে পবিত্র মহাপুরুষ,আমার অপরাধের শক্তি যতক্ষমার শক্তি তোমারআরো অনেক গুণে বড়ো।তোমারে করিব অসম্মান--তবু প্রণাম, তবু প্রণাম, তবু প্রণাম।;রাগ: নট-কেদারাতাল: কাহারবারচনাকাল (বঙ্গাব্দ): 1344রচনাকাল (খৃষ্টাব্দ): 1938স্বরলিপিকার: শৈলজারঞ্জন মজুমদার;চণ্ডালিকা (গীতবিতান) (chadalika gitabitan)
আমায়     দোষী করো।ধুলায়-পড়া ম্লান কুসুমপায়ের তলায় ধরো।অপরাধে ভরা ডালিনিজ হাতে করো খালি,তার পরে সেই শূন্য ডালায়তোমার করুণা ভরো--আমায় দোষী করো।তুমি উচ্চ, আমি তুচ্ছধরব তোমায় ফাঁদেআমার অপরাধে।আমার দোষকে তোমার পুণ্যকরবে তো কলঙ্কশূন্য--ক্ষমায় গেঁথে সকল ত্রুটিগলায় তোমার পরো॥;রাগ: ভৈরবীতাল: দাদরারচনাকাল (বঙ্গাব্দ): 1340রচনাকাল (খৃষ্টাব্দ): 1933স্বরলিপিকার: দিনেন্দ্রনাথ ঠাকুর;চণ্ডালিকা (গীতবিতান) (chadalika gitabitan)
"কী অসীম সাহস তোর, মেয়ে।আমার সাহস!তাঁর সাহসের নাই তুলনা।কেউ যে কথা বলতে পারে নিতিনি ব'লে দিলেন কত সহজে--জল দাও।ওই একটু বাণী--তার দীপ্তি কত;আলো ক'রে দিল আমার সারা জন্ম।বুকের উপর কালো পাথর চাপা ছিল যে,সেটাকে ঠেলে দিল--উথলি উঠল রসের ধারা।";রাগ: কীর্তনতাল: দাদরারচনাকাল (বঙ্গাব্দ): 1344রচনাকাল (খৃষ্টাব্দ): 1938স্বরলিপিকার: শৈলজারঞ্জন মজুমদার;চণ্ডালিকা (গীতবিতান) (chadalika gitabitan)
ওরা কে যায়পীতবসন-পরা সন্ন্যাসী।;রচনাকাল (বঙ্গাব্দ): 1344রচনাকাল (খৃষ্টাব্দ): 1938স্বরলিপিকার: শৈলজারঞ্জন মজুমদার;চণ্ডালিকা (গীতবিতান) (chadalika gitabitan)
মা, ওই যে তিনি চলেছেনসবার আগে আগে!ফিরে তাকালেন না, ফিরে তাকালেন না--তাঁর নিজের হাতের এই নূতন সৃষ্টিরেআর দেখিলেন না চেয়ে!এই মাটি, এই মাটি, এই মাটিই তোরআপন রে!হতভাগিনী, কে তোরে আনিল আলোতেশুধু এক নিমেষের জন্যে!থাকতে হবে তোকে মাটিতেইসবার পায়ের তলায়।;রাগ: হাম্বীর-কেদারাতাল: কাহারবারচনাকাল (বঙ্গাব্দ): 1344রচনাকাল (খৃষ্টাব্দ): 1938স্বরলিপিকার: শৈলজারঞ্জন মজুমদার;চণ্ডালিকা (গীতবিতান) (chadalika gitabitan)
ওরে বাছা, দেখতে পারি নে তোর দুঃখ--আনবই আনবই, আনবই তারেমন্ত্র প'ড়ে।;রাগ: মিশ্র কেদারাতাল: ঝাঁপতালরচনাকাল (বঙ্গাব্দ): 1344রচনাকাল (খৃষ্টাব্দ): 1938স্বরলিপিকার: শৈলজারঞ্জন মজুমদার;চণ্ডালিকা (গীতবিতান) (chadalika gitabitan)
পড়্‌ তুই সব চেয়ে নিষ্ঠুর মন্ত্র,পাকে পাকে দাগ দিয়েজড়ায়ে ধরুক ওর মনকে।যেখানেই যাক,কখনো এড়াতে আমাকেপারবে না, পারবে না।;রাগ: মিশ্র কেদারাতাল: কাহারবারচনাকাল (বঙ্গাব্দ): 1344রচনাকাল (খৃষ্টাব্দ): 1938স্বরলিপিকার: শৈলজারঞ্জন মজুমদার;চণ্ডালিকা (গীতবিতান) (chadalika gitabitan)
যায় যদি যাক সাগরতীরে--আবার আসুক, আসুক ফিরে।রেখে দেব আসন পেতেহৃদয়েতে।পথের ধুলো ভিজিয়ে দেবঅশ্রুনীরে।যায় যদি যাক শৈলশিরে--আসুক ফিরে, আসুক ফিরে।লুকিয়ে রব গিরিগুহায়,ডাকব উহায়--আমার স্বপন ওর জাগরণরইবে ঘিরে॥;রাগ: কাফিতাল: কাহারবারচনাকাল (বঙ্গাব্দ): 1344রচনাকাল (খৃষ্টাব্দ): 1938স্বরলিপিকার: দিনেন্দ্রনাথ ঠাকুর;চণ্ডালিকা (গীতবিতান) (chadalika gitabitan)
ভাবনা করিস নে তুই--এই দেখ্‌ মায়াদর্পণ আমার,হাতে নিয়ে নাচবি যখনদেখতে পাবি তাঁর কী হল দশা।এইবার এসো এসো রুদ্রভৈরবের সন্তান,জাগাও তাণ্ডবনৃত্য।;রাগ: খাম্বাজ-কেদারাতাল: কাহারবারচনাকাল (বঙ্গাব্দ): 1344রচনাকাল (খৃষ্টাব্দ): 1938স্বরলিপিকার: শৈলজারঞ্জন মজুমদার;চণ্ডালিকা (গীতবিতান) (chadalika gitabitan)
ওই দেখ্‌ পশ্চিমে মেঘ ঘনালো,মন্ত্র খাটবে মা, খাটবে--উড়ে যাবে শুষ্ক সাধনা সন্ন্যাসীরশুকনো পাতার মতন।নিববে বাতি, পথ হবে অন্ধকার,ঝড়ে-বাসা-ভাঙা পাখিঘুরে ঘুরে পড়বে এসে মোর দ্বারে।দুরু দুরু করে মোর বক্ষ,মনের মাঝে ঝিলিক দিতেছে বিজুলি।দূরে যেন ফেনিয়ে উঠেছে সমুদ্র--তল নেই, কূল নেই তার।মন্ত্র খাটবে মা, খাটবে।;রাগ: গৌড়মল্লার-কেদারাতাল: কাহারবারচনাকাল (বঙ্গাব্দ): 1344রচনাকাল (খৃষ্টাব্দ): 1938স্বরলিপিকার: শৈলজারঞ্জন মজুমদার;চণ্ডালিকা (গীতবিতান) (chadalika gitabitan)
লজ্জা ছি ছি লজ্জা!আকাশে তুলে দুই বাহুঅভিশাপ দিচ্ছেন কাকে।নিজেরে মারছেন বহ্নির বেত্র,শেল বিঁধছেন যেন আপনার মর্মে।;রাগ: সোহিনীতাল: কাহারবারচনাকাল (বঙ্গাব্দ): 1344রচনাকাল (খৃষ্টাব্দ): 1938স্বরলিপিকার: শৈলজারঞ্জন মজুমদার;চণ্ডালিকা (গীতবিতান) (chadalika gitabitan)
ওরে বাছা, এখনি অধীর হলি যদি,শেষে তোর কী হবে দশা।;রাগ: ভৈরবতাল: কাহারবারচনাকাল (বঙ্গাব্দ): 1344রচনাকাল (খৃষ্টাব্দ): 1938স্বরলিপিকার: শৈলজারঞ্জন মজুমদার;চণ্ডালিকা (গীতবিতান) (chadalika gitabitan)
আমি দেখব না, আমি দেখব না,আমি দেখব না তোর দর্পণ।বুক ফেটে যায়, যায় গো,বুক ফেটে যায়।কী ভয়ংকর দুঃখের ঘূর্ণিঝঞ্ঝা--মহান বনস্পতি ধুলায় কি লুটাবে,ভাঙবে কি অভ্রভেদী তার গৌরব।দেখব না, আমি দেখব না তোর দর্পণ।না না না।;রাগ: সোহিনীতাল: কাহারবারচনাকাল (বঙ্গাব্দ): 1344রচনাকাল (খৃষ্টাব্দ): 1938স্বরলিপিকার: শৈলজারঞ্জন মজুমদার;চণ্ডালিকা (গীতবিতান) (chadalika gitabitan)
সেই ভালো মা, সেই ভালো।থাক্‌ তোর মন্ত্র, থাক্‌ তোর--আর কাজ নাই, কাজ নাই ,কাজ নাই।না না না, পড়্‌ মন্ত্র তুই, পড়্‌ তোর মন্ত্র--পথ তো আর নেই বাকি!আসবে সে, আসবে সে, আসবে,আমার জীবনমৃত্যু-সীমানায় আসবে।নিবিড় রাত্রে এসে পৌঁছবে পান্থ,বুকের জ্বালা দিয়ে আমিজ্বালিয়ে দিব দীপখানি--সে আসবে।;রাগ: ইমন-ভূপালী-কীর্তনতাল: কাহারবারচনাকাল (বঙ্গাব্দ): 1344রচনাকাল (খৃষ্টাব্দ): 1938স্বরলিপিকার: শৈলজারঞ্জন মজুমদার;চণ্ডালিকা (গীতবিতান) (chadalika gitabitan)
দুঃখ দিয়ে মেটাব দুঃখ তোমার।স্নান করাব অতল জলেবিপুল বেদনার।মোর সংসার দিব যে জ্বালি,শোধন হবে এ মোহের কালি--মরণব্যথা দিব তোমারচরণে উপহার॥;রাগ: বাগেশ্রীতাল: কাহারবারচনাকাল (বঙ্গাব্দ): 1340রচনাকাল (খৃষ্টাব্দ): 1933স্বরলিপিকার: দিনেন্দ্রনাথ ঠাকুর;চণ্ডালিকা (গীতবিতান) (chadalika gitabitan)
মা গো, এতদিনে মনে হচ্ছে যেনটলেছে আসন তাঁহার।ওই আসছে, আসছে, আসছে।যা বহু দূরে, যা লক্ষ যোজন দূরে,যা চন্দ্রসূর্য পেরিয়ে,ওই আসছে, আসছে, আসছে--কাঁপছে আমার বক্ষ ভূমিকম্পে।;রাগ: কীর্তনতাল: দাদরারচনাকাল (বঙ্গাব্দ): 1344রচনাকাল (খৃষ্টাব্দ): 1938স্বরলিপিকার: শৈলজারঞ্জন মজুমদার;চণ্ডালিকা (গীতবিতান) (chadalika gitabitan)
ঘন কালো মেঘ তাঁর পিছনে,চারি দিকে বিদ্যুৎ চমকে।অঙ্গ ঘিরে ঘিরে তাঁরঅগ্নির আবেষ্টন,যেন শিবের ক্রোধানলদীপ্তি।তোর মন্ত্রবাণী ধরি কালীনাগিনীমূর্তিগর্জিছে বিষনিশ্বাসে,কলুষিত করে তাঁর পুণ্যশিখা।;রাগ: সাহানাতাল: কাহারবারচনাকাল (বঙ্গাব্দ): 1344রচনাকাল (খৃষ্টাব্দ): 1938স্বরলিপিকার: শৈলজারঞ্জন মজুমদার;চণ্ডালিকা (গীতবিতান) (chadalika gitabitan)
"ক্ষুধার্ত প্রেম তার নাই দয়া,তার নাই ভয়, নাই লজ্জা।নিষ্ঠুর পণ আমার,আমি মানব না হার, মানব না হার--বাঁধব তাঁরে মায়াবাঁধনে,জড়াব আমারি হাসি-কাঁদনে।ওই দেখ্‌, ওই নদী হয়েছেন পার--একা চলেছেন ঘন বনের পথে।যেন কিছু নাই তাঁর চোখের সম্মুখে--নাই সত্য, নাই মিথ্যা;নাই ভালো, নাই মন্দ।";রাগ: ভৈরবীতাল: কাহারবারচনাকাল (বঙ্গাব্দ): 1344রচনাকাল (খৃষ্টাব্দ): 1938স্বরলিপিকার: শৈলজারঞ্জন মজুমদার;চণ্ডালিকা (গীতবিতান) (chadalika gitabitan)
জাগে নি এখনো জাগে নিরসাতলবাসিনী নাগিনী।বাজ্‌ বাজ্‌ বাজ্‌ বাঁশি, বাজ্‌ রেমহাভীমপাতালী রাগিণী,জেগে ওঠ্‌ মায়াকালী নাগিনী--ওরে মোর মন্ত্রে কান দে--টান দে, টান দে, টান দে, টান দে।বিষগর্জনে ওকে ডাক দে--পাক দে, পাক দে, পাক দে,পাক দে।গহ্বর হতে তুই বার হ,সপ্তসমুদ্র পার হ।বেঁধে তারে আন্‌ রে--টান্‌ রে, টান্‌ রে, টান্‌ রে, টান্‌ রে।নাগিনী জাগল, জাগল, জাগল--পাক দিতে ওই লাগল, লাগল, লাগল--মায়াটান ওই টানল, টানল, টানল।বেঁধে আনল, বেঁধে আনল, বেঁধে আনল॥এইবার নৃত্যে করো আহ্বান--ধর্‌ তোরা গান।আয় তোরা যোগ দিবি আয়যোগিনীর দল।আয় তোরা আয়,আয় তোরা আয়,আয় তোরা আয়।;রাগ: ভূপালীতাল: কাহারবারচনাকাল (বঙ্গাব্দ): 1344রচনাকাল (খৃষ্টাব্দ): 1938স্বরলিপিকার: শৈলজারঞ্জন মজুমদার;চণ্ডালিকা (গীতবিতান) (chadalika gitabitan)
ঘুমের ঘন গহন হতে যেমন আসে স্বপ্ন,তেমনি উঠে এসো এসো।শমীশাখার বক্ষ হতে যেমন জ্বলে অগ্নি,তেমনি তুমি, এসো এসো।ঈশানকোণে কালো মেঘের নিষেধ বিদারিযেমন আসে সহসা বিদ্যুৎ,তেমনি তুমি চমক হানি এসো হৃদয়তলে,এসো তুমি, এসো তুমি এসো এসো।আঁধার যবে পাঠায় ডাক মৌন ইশারায়,যেমন আসে কালপুরুষ সন্ধ্যাকাশেতেমনি তুমি এসো, তুমি এসো এসো।সুদূর হিমগিরির শিখরেমন্ত্র যবে প্রেরণ করে তাপস বৈশাখ,প্রখর তাপে কঠিন ঘন তুষার গলায়েবন্যাধারা যেমন নেমে আসে--তেমনি তুমি এসো, তুমি এসো এসো॥;রাগ: সোহিনী-পরজতাল: ঝম্পকরচনাকাল (বঙ্গাব্দ): 1344রচনাকাল (খৃষ্টাব্দ): 1938স্বরলিপিকার: শৈলজারঞ্জন মজুমদার;চণ্ডালিকা (গীতবিতান) (chadalika gitabitan)
না, দেখব না আমি দেখব না,আমি শুনব--মনের মধ্যে আমি শুনব,ধ্যানের মধ্যে আমি শুনব,তাঁর চরণধ্বনি।ওই দেখ্‌ এল ঝড়, এল ঝড়,তাঁর আগমনীর ওই ঝড়--পৃথিবী কাঁপছে থরো থরো থরো থরো,গুরু গুরু করে মোর বক্ষ।;রাগ: খাম্বাজতাল: কাহারবারচনাকাল (বঙ্গাব্দ): 1344রচনাকাল (খৃষ্টাব্দ): 1938স্বরলিপিকার: শৈলজারঞ্জন মজুমদার;চণ্ডালিকা (গীতবিতান) (chadalika gitabitan)
অভিশাপ নয় নয়,অভিশাপ নয় নয়--আনছে আমার জন্মান্তর,মরণের সিংহদ্বার ওই খুলছে।ভাঙল দ্বার,ভাঙল প্রাচীর,ভাঙল এ জন্মের মিথ্যা।ওগো আমার সর্বনাশ,ওগো আমার সর্বস্ব,তুমি এসেছআমার অপমানের চূড়ায়।মোর অন্ধকারের ঊর্ধ্বে রাখোতব চরণ জ্যোতির্ময়।;রাগ: ভৈরবীতাল: কাহারবারচনাকাল (বঙ্গাব্দ): 1344রচনাকাল (খৃষ্টাব্দ): 1938স্বরলিপিকার: শৈলজারঞ্জন মজুমদার;চণ্ডালিকা (গীতবিতান) (chadalika gitabitan)
ওমা, ওমা, ওমা,ফিরিয়ে নে তোর মন্ত্রএখনি এখনি এখনি।ও রাক্ষুসী, কী করলি তুই,কী করলি তুই--মরলি নে কেন পাপীয়সী।কোথা আমার সেই দীপ্ত সমুজ্জ্বলশুভ্র সুনির্মলসুদূর স্বর্গের আলো।আহা কী ম্লান, কী ক্লান্ত--আত্মপরাভব কী গভীর।যাক যাক যাক,সব যাক, সব যাক--অপমান করিস নে বীরের,জয় হোক তাঁর,জয় হোক।;রাগ: বাহারতাল: কাহারবারচনাকাল (বঙ্গাব্দ): 1344রচনাকাল (খৃষ্টাব্দ): 1938স্বরলিপিকার: শৈলজারঞ্জন মজুমদার;চণ্ডালিকা (গীতবিতান) (chadalika gitabitan)
প্রভু, এসেছ উদ্ধারিতে আমায়,দিলে তার এত মূল্য,নিলে তার এত দুঃখ।ক্ষমা করো, ক্ষমা করো--মাটিতে টেনেছি তোমারে,এনেছি নীচে,ধূলি হতে তুলি নাও আমায়তব পুণ্যলোকে।ক্ষমা করো।জয় হোক তোমার জয় হোক।;রাগ: ভৈরবীতাল: কাহারবারচনাকাল (বঙ্গাব্দ): 1344রচনাকাল (খৃষ্টাব্দ): 1938স্বরলিপিকার: শৈলজারঞ্জন মজুমদার;চণ্ডালিকা (গীতবিতান) (chadalika gitabitan)
১মোহিনী মায়া এল,এল যৌবনকুঞ্জবনে।এল হৃদয়শিকারে,এল গোপন পদসঞ্চারে,এল স্বর্ণকিরণবিজড়িত অন্ধকারে।পাতিল ইন্দ্রজালের ফাঁসি,হাওয়ায় হাওয়ায় ছায়ায় ছায়ায়বাজায় বাঁশি।করে বীরের বীর্য-পরীক্ষা,হানে    সাধুর সাধনদীক্ষা,সর্বনাশের বেড়াজাল বেষ্টিল চারি ধারে।এসো সুন্দর নিরলংকার,এসো সত্য নিরহংকার--স্বপ্নের দুর্গ হানো,আনো মুক্তি আনো,ছলনার বন্ধন ছেদিএসো পৌরুষ-উদ্ধারে॥;রাগ: মিশ্র হাম্বীর-রামকেলীতাল: কাহারবারচনাকাল (বঙ্গাব্দ): ফাল্গুন ১৩৪২রচনাকাল (খৃষ্টাব্দ): ফেব্রুয়ারি, ১৯৩৬রচনাস্থান: শান্তিনিকেতনস্বরলিপিকার: শৈলজারঞ্জন মজুমদার;চিত্রাঙ্গদা (গীতবিতান) (chitrangoda gitabitan)
গুরু গুরু গুরু গুরু ঘন মেঘ গরজে পর্বতশিখরে,অরণ্যে তমশ্ছায়া।মুখর নির্ঝরকলকল্লোলেব্যাধের চরণধ্বনি শুনিতে না পায় ভীরুহরিণদম্পতি।চিত্রব্যাঘ্র পদনখচিহ্নরেখাশ্রেণীরেখে গেছে ওই পথপঙ্ক-'পরে,দিয়ে গেছে পদে পদে গুহার সন্ধান।;রাগ: গৌড়মল্লারতাল: কাহারবারচনাকাল (বঙ্গাব্দ): ফাল্গুন ১৩৪২রচনাকাল (খৃষ্টাব্দ): ফেব্রুয়ারি, ১৯৩৬রচনাস্থান: শান্তিনিকেতনস্বরলিপিকার: শৈলজারঞ্জন মজুমদার;চিত্রাঙ্গদা (গীতবিতান) (chitrangoda gitabitan)
অহো, কী দুঃসহ স্পর্ধা !অর্জুনে যে করে অশ্রদ্ধাসে  কোনখানে পাবে তার আশ্রয় !অর্জুন! তুমি অর্জুন !হাহা হাহা হাহা হাহা, বালকের দল,মা'র কোলে যাও চলে, নাই ভয়।অহো কী অদ্ভুত কৌতুক!অর্জুন!    তুমি! অর্জুন!ফিরে এসো, ফিরে এসো,ক্ষমা দিয়ে কোরো না অসম্মান,যুদ্ধে করো আহ্বান!বীর-হাতে মৃত্যুর গৌরবকরি যেন অনুভব--অর্জুন!   তুমি অর্জুন!;রাগ: বেহাগতাল: কাহারবারচনাকাল (বঙ্গাব্দ): ফাল্গুন, ১৩৪২রচনাকাল (খৃষ্টাব্দ): ফেব্রুয়ারি, ১৯৩৬স্বরলিপিকার: শৈলজারঞ্জন মজুমদার;চিত্রাঙ্গদা (গীতবিতান) (chitrangoda gitabitan)
হা হতভাগিনী, এ কী অভ্যর্থনা মহতেরএল দেবতা তোর জগতের,গেল চলি,গেল তোরে গেল ছলি--অর্জুন!   তুমি অর্জুন!;রাগ: বেহাগতাল: কাহারবারচনাকাল (বঙ্গাব্দ): ফাল্গুন ১৩৪২রচনাকাল (খৃষ্টাব্দ): ফেব্রুয়ারি, ১৯৩৬রচনাস্থান: শান্তিনিকেতনস্বরলিপিকার: শৈলজারঞ্জন মজুমদার;চিত্রাঙ্গদা (গীতবিতান) (chitrangoda gitabitan)
বেলা    যায় বহিয়া,দাও কহিয়াকোন্‌ বনে যাব শিকারে।কাজল মেঘে সজল বায়েহরিণ ছুটে বেণুবনচ্ছায়ে।;রাগ: ইমনতাল: কাহারবারচনাকাল (বঙ্গাব্দ): ফাল্গুন ১৩৪২রচনাকাল (খৃষ্টাব্দ): ফেব্রুয়ারি, ১৯৩৬রচনাস্থান: শান্তিনিকেতনস্বরলিপিকার: শৈলজারঞ্জন মজুমদার;চিত্রাঙ্গদা (গীতবিতান) (chitrangoda gitabitan)
থাক্‌ থাক্‌ মিছে কেন এই খেলা আর।জীবনে হল বিতৃষ্ণা,আপনার 'পরে ধিক্কার।;রাগ: ইমনতাল: কাহারবারচনাকাল (বঙ্গাব্দ): ফাল্গুন ১৩৪২রচনাকাল (খৃষ্টাব্দ): ফেব্রুয়ারি, ১৯৩৬রচনাস্থান: শান্তিনিকেতনস্বরলিপিকার: শৈলজারঞ্জন মজুমদার;চিত্রাঙ্গদা (গীতবিতান) (chitrangoda gitabitan)
"ওরে     ঝড় নেমে আয়, আয় রে আমারশুকনো পাতার ডালে,এই বরষায় নবশ্যামেরআগমনের কালে।যা উদাসীন, যা প্রাণহীন,যা আনন্দহারা,চরম রাতের অশ্রুধারায়আজ হয়ে যাক সারা;যাবার যাহা যাক সে চলেরুদ্র নাচের তালে।আসন আমার পাততে হবে।রিক্ত প্রাণের ঘরে,নবীন বসন পরতে হবেসিক্ত বুকের 'পরে।নদীর জলে বান ডেকেছেকূল গেল তার ভেসে,যূথীবনের গন্ধবাণীছুটল নিরুদ্দেশে--পরান আমার জাগল বুঝিমরণ-অন্তরালে॥";রাগ: বাউলতাল: কাহারবারচনাকাল (বঙ্গাব্দ): ফাল্গুন ১৩৪২রচনাকাল (খৃষ্টাব্দ): ফেব্রুয়ারি, ১৯৩৬রচনাস্থান: শান্তিনিকেতনস্বরলিপিকার: দিনেন্দ্রনাথ ঠাকুর;চিত্রাঙ্গদা (গীতবিতান) (chitrangoda gitabitan)
বঁধু,   কোন্‌ আলো লাগল চোখে!বুঝি    দীপ্তিরূপে ছিলে সূর্যলোকে!ছিল মন তোমারি প্রতীক্ষা করিযুগে যুগে দিন রাত্রি ধরি,ছিল মর্মবেদনাঘন অন্ধকারে,জন্ম-জনম গেল বিরহশোকে।অস্ফুটমঞ্জরী কুঞ্জবনে,সংগীতশূন্য বিষণ্ন মনেসঙ্গীরিক্ত চিরদুঃখরাতিপোহাব কি নির্জনে শয়ন পাতি!সুন্দর হে, সুন্দর হে,বরমাল্যখানি তব আনো বহে,অবগুণ্ঠনছায়া ঘুচায়ে দিয়েহেরো লজ্জিত স্মিতমুখ শুভ আলোকে॥;রাগ: ভৈরবীতাল: কাহারবারচনাকাল (বঙ্গাব্দ): ৩ আশ্বিন, ১৩৪১রচনাকাল (খৃষ্টাব্দ): ২০ সেপ্টেম্বর, ১৯৩৪স্বরলিপিকার: শান্তিদেব ঘোষ;চিত্রাঙ্গদা (গীতবিতান) (chitrangoda gitabitan)
যাও যদি যাও তবেতোমায় ফিরিতে হবে।ব্যর্থ চোখের জলেআমি   লুটাব না ধূলিতলে,বাতি নিবায়ে যাব না যাব নামোর জীবনের উৎসবে।মোর সাধনা ভীরু নহে,শক্তি আমার হবে মুক্তদ্বার যদি রুদ্ধ রহে।বিমুখ মুহূর্তেরে করি না ভয়--হবে জয়, হবে জয়, হবে জয়,দিনে দিনে হৃদয়ের গ্রন্থি তবখুলিব প্রেমের গৌরবে॥;রাগ: ভৈরবীতাল: কাহারবারচনাকাল (বঙ্গাব্দ): ফাল্গুন ১৩৪২রচনাকাল (খৃষ্টাব্দ): ফেব্রুয়ারি, ১৯৩৬রচনাস্থান: শান্তিনিকেতনস্বরলিপিকার: শৈলজারঞ্জন মজুমদার;চিত্রাঙ্গদা (গীতবিতান) (chitrangoda gitabitan)
শুনি ক্ষণে ক্ষণে মনে মনেঅতল জলের আহ্বান।মন রয় না, রয় না, রয় না ঘরে,চঞ্চল প্রাণ।ভাসায়ে দিব আপনারে,ভরা জোয়ারে,সকল ভাবনা-ডুবানো ধারায়করিব স্নান।ব্যর্থ বাসনার দাহহবে নির্বাণ।ঢেউ দিয়েছে জলে।ঢেউ দিল আমার মর্মতলে।এ কী ব্যাকুলতা আজি আকাশে,এই বাতাসেযেন উতলা অপ্সরীর উত্তরীয়করে রোমাঞ্চ দান,দূর সিন্ধুতীরে কার মঞ্জীরেগুঞ্জরতান॥;রাগ: মূলতান-পিলুতাল: কাহারবারচনাকাল (বঙ্গাব্দ): ফাল্গুন ১৩৪২রচনাকাল (খৃষ্টাব্দ): ফেব্রুয়ারি, ১৯৩৬রচনাস্থান: শান্তিনিকেতনস্বরলিপিকার: শৈলজারঞ্জন মজুমদার;চিত্রাঙ্গদা (গীতবিতান) (chitrangoda gitabitan)
"দে তোরা আমায় নূতন ক'রে দেনূতন আভরণে।হেমন্তের অভিসম্পাতেরিক্ত অকিঞ্চন কাননভূমি;বসন্তে হোক দৈন্যবিমোচননব লাবণ্যধনে।শূন্য শাখা লজ্জা ভুলে যাকপল্লব-আবরণে।বাজুক প্রেমের মায়ামন্ত্রেপুলকিত প্রাণের বীণাযন্ত্রেচিরসুন্দরের অভিবন্দনা।আনন্দচঞ্চল নৃত্য অঙ্গে অঙ্গে বহে যাকহিল্লোলে হিল্লোলে,যৌবন পাক সম্মানবাঞ্ছিতসম্মিলনে॥";রাগ: ভৈরবীতাল: কাহারবারচনাকাল (বঙ্গাব্দ): ফাল্গুন ১৩৪২রচনাকাল (খৃষ্টাব্দ): ফেব্রুয়ারি, ১৯৩৬রচনাস্থান: শান্তিনিকেতনস্বরলিপিকার: শৈলজারঞ্জন মজুমদার;চিত্রাঙ্গদা (গীতবিতান) (chitrangoda gitabitan)
আমি তোমারে করিব নিবেদনআমার হৃদয় প্রাণ মন!ক্ষমা করো আমায়,বরণযোগ্য নহি বরাঙ্গনে,ব্রহ্মচারী ব্রতধারী।হায় হায়, নারীরে করেছি ব্যর্থদীর্ঘকাল জীবনে আমার।ধিক্‌ ধনুঃশর!ধিক্‌ বাহুবল!মুহূর্তের অশ্রুবন্যাবেগেভাসায়ে দিল যে মোর পৌরুষসাধনা।অকৃতার্থ যৌবনের দীর্ঘশ্বাসেবসন্তেরে করিল ব্যাকুল॥---রোদন-ভরা এ বসন্তকখনো আসে নি বুঝি আগে।মোর বিরহবেদনা রাঙালোকিংশুকরক্তিমরাগে।;রাগ: পিলুতাল: ঝাঁপতালরচনাকাল (বঙ্গাব্দ): ফাল্গুন ১৩৪২রচনাকাল (খৃষ্টাব্দ): ফেব্রুয়ারি, ১৯৩৬রচনাস্থান: শান্তিনিকেতনস্বরলিপিকার: শৈলজারঞ্জন মজুমদার;চিত্রাঙ্গদা (গীতবিতান) (chitrangoda gitabitan)
ক্ষমা করো আমায়,বরণযোগ্য নহি বরাঙ্গনে,ব্রহ্মচারী ব্রতধারী।;রাগ: আলাহিয়া বিলাবলতাল: কাহারবারচনাকাল (বঙ্গাব্দ): ফাল্গুন ১৩৪২রচনাকাল (খৃষ্টাব্দ): ফেব্রুয়ারি, ১৯৩৬রচনাস্থান: শান্তিনিকেতনস্বরলিপিকার: শৈলজারঞ্জন মজুমদার;চিত্রাঙ্গদা (গীতবিতান) (chitrangoda gitabitan)
রোদন-ভরা এ বসন্তকখনো আসে নি বুঝি আগে।মোর বিরহবেদনা রাঙালোকিংশুকরক্তিমরাগে।কুঞ্জদ্বারে বনমল্লিকাসেজেছে পরিয়া নব পত্রালিকা,সারা দিন-রজনী অনিমিখাকার পথ চেয়ে জাগে।দক্ষিণসমীরে দূর গগনেএকেলা বিরহী গাহে বুঝি গো।কুঞ্জবনে মোর মুকুল যতআবরণবন্ধন ছিঁড়িতে চাহে।আমি এ প্রাণের রুদ্ধ দ্বারেব্যাকুল কর হানি বারে বারে,দেওয়া হল না যে আপনারেএই ব্যথা মনে লাগে॥;রাগ: মিশ্র বেহাগ-কীর্তনতাল: কাহারবারচনাকাল (বঙ্গাব্দ): ১৫ মাঘ, ১৩৪২রচনাকাল (খৃষ্টাব্দ): ২৯ জানুয়ারি, ১৯৩৬রচনাস্থান: শান্তিনিকেতনস্বরলিপিকার: শৈলজারঞ্জন মজুমদার;চিত্রাঙ্গদা (গীতবিতান) (chitrangoda gitabitan)
তোমার বৈশাখে ছিলপ্রখর রৌদ্রের জ্বালা,কখন্‌ বাদলআনে আষাঢ়ের পালা,হায় হায় হায়।কঠিন পাষাণে কেমনে গোপনে ছিল,সহসা ঝরনানামিল অশ্রুঢালা।হায় হায় হায়।মৃগয়া করিতেবাহির হল যে বনেমৃগী হয়ে শেষেএল কি অবলা বালা।হায় হায় হায়।যে ছিল আপনশক্তির অভিমানেকার পায়ে আনেহার মানিবার ডালা।হায় হায় হায়।;রাগ: কীর্তনতাল: রূপকরচনাকাল (বঙ্গাব্দ): ফাল্গুন ১৩৪২রচনাকাল (খৃষ্টাব্দ): ফেব্রুয়ারি, ১৯৩৬রচনাস্থান: শান্তিনিকেতনস্বরলিপিকার: শৈলজারঞ্জন মজুমদার;চিত্রাঙ্গদা (গীতবিতান) (chitrangoda gitabitan)
"আমার এই রিক্ত ডালিদিব তোমারি পায়ে।দিব কাঙালিনীর আঁচলতোমার পথে পথে বিছায়ে।যে পুষ্পে গাঁথ পুষ্পধনুতারি ফুলে ফুলে হে অতনু,আমার পূজা-নিবেদনের দৈন্যদিয়ো ঘুচায়ে।তোমার রণজয়ের অভিযানেআমায় নিয়ো,ফুলবাণের টিকা আমার ভালেএঁকে দিয়ো!আমার শূন্যতা দাও যদিসুধায় ভরিদিব তোমার জয়ধ্বনিঘোষণ করি;ফাল্গুনের আহ্বান জাগাওআমার কায়েদক্ষিণবায়ে॥";রাগ: খাম্বাজ-কীর্তনতাল: খেমটারচনাকাল (বঙ্গাব্দ): ফাল্গুন, ১৩৪২রচনাকাল (খৃষ্টাব্দ): ফেব্রুয়ারি, ১৯৩৬রচনাস্থান: শান্তিনিকেতনস্বরলিপিকার: শৈলজারঞ্জন মজুমদার;চিত্রাঙ্গদা (গীতবিতান) (chitrangoda gitabitan)
মণিপুরনৃপদুহিতাতোমারে চিনি,তাপসিনী।মোর পূজায় তব ছিল না মন,তবে কেন অকারণমোর দ্বারে এলে তরুণী,কহো কহো শুনি॥;রাগ: ইমনতাল: কাহারবারচনাকাল (বঙ্গাব্দ): ফাল্গুন ১৩৪২রচনাকাল (খৃষ্টাব্দ): ফেব্রুয়ারি, ১৯৩৬রচনাস্থান: শান্তিনিকেতনস্বরলিপিকার: শৈলজারঞ্জন মজুমদার;চিত্রাঙ্গদা (গীতবিতান) (chitrangoda gitabitan)
পুরুষের বিদ্যা করেছিনু শিক্ষালভি নাই মনোহরণের দীক্ষা--কুসুমধনু,অপমানে লাঞ্ছিত তরুণ তনু।অর্জুন ব্রহ্মচারীমোর মুখে হেরিল না নারী,ফিরাইল, গেল ফিরে।দয়া করো অভাগীরে--শুধু এক বরষের জন্যেপুষ্পলাবণ্যেমোর দেহ পাক্‌ তব স্বর্গের মূল্যমর্তে অতুল্য॥;রাগ: দেশতাল: কাহারবারচনাকাল (বঙ্গাব্দ): ফাল্গুন ১৩৪২রচনাকাল (খৃষ্টাব্দ): ফেব্রুয়ারি, ১৯৩৬রচনাস্থান: শান্তিনিকেতনস্বরলিপিকার: শৈলজারঞ্জন মজুমদার;চিত্রাঙ্গদা (গীতবিতান) (chitrangoda gitabitan)
তাই আমি দিনু বর,কটাক্ষে রবে তব পঞ্চম শর,মম পঞ্চম শর--দিবে মন মোহি,নারীবিদ্রোহী সন্ন্যাসীরেপাবে অচিরে,বন্দী করিবে ভুজপাশেবিদ্রূপহাসে।মণিপুররাজকন্যাকান্তহৃদয়-বিজয়ে হবে ধন্যা॥;রাগ: খাম্বাজতাল: কাহারবারচনাকাল (বঙ্গাব্দ): ফাল্গুন ১৩৪২রচনাকাল (খৃষ্টাব্দ): ফেব্রুয়ারি, ১৯৩৬রচনাস্থান: শান্তিনিকেতনস্বরলিপিকার: শৈলজারঞ্জন মজুমদার;চিত্রাঙ্গদা (গীতবিতান) (chitrangoda gitabitan)
আমার    অঙ্গে অঙ্গে কে বাজায় বাঁশি।আনন্দে বিষাদে মন উদাসী।পুষ্পবিকাশের সুরেদেহ মন উঠে পূরে,কী মাধুরী সুগন্ধবাতাসে যায় ভাসি।সহসা মনে জাগে আশা,মোর আহুতি পেয়েছে অগ্নির ভাষা।আজ মম রূপে বেশেলিপি লিখি কার উদ্দেশে,এল   মর্মের বন্দিনী বাণী বন্ধন নাশি॥---মীনকেতু,কোন্‌ মহা রাক্ষসীরে দিয়েছ বাঁধিয়াঅঙ্গসহচরী করি।এ মায়ালাবণ্য মোর কী অভিসম্পাত!ক্ষণিক যৌবনবন্যারক্তস্রোতে তরঙ্গিয়াউন্মাদ করেছে মোরে।;রাগ: বেহাগতাল: কাহারবারচনাকাল (বঙ্গাব্দ): ১৭ মাঘ, ১৩৪২রচনাকাল (খৃষ্টাব্দ): ৩১ জানুয়ারি, ১৯৩৬রচনাস্থান: শান্তিনিকেতনস্বরলিপিকার: শৈলজারঞ্জন মজুমদার;চিত্রাঙ্গদা (গীতবিতান) (chitrangoda gitabitan)
স্বপ্নমদির নেশায় মেশা এ উন্মত্ততা,জাগায় দেহে মনে এ কী বিপুল ব্যথা।বহে মম শিরে শিরেএ কী দাহ, কী প্রবাহ--চকিতে সর্বদেহে ছুটে তড়িৎলতা।ঝড়ের পবনগর্জে হারাই আপনায়,দুরন্ত যৌবনক্ষুব্ধ অশান্ত বন্যায়।তরঙ্গ উঠে প্রাণেদিগন্তে কাহার পানে,ইঙ্গিতের ভাষায় কাঁদে--নাহি নাহি কথা॥;রাগ: মেঘমল্লারতাল: দাদরারচনাকাল (বঙ্গাব্দ): ফাল্গুন ১৩৪২রচনাকাল (খৃষ্টাব্দ): ফেব্রুয়ারি, ১৯৩৬রচনাস্থান: শান্তিনিকেতনস্বরলিপিকার: শৈলজারঞ্জন মজুমদার;চিত্রাঙ্গদা (গীতবিতান) (chitrangoda gitabitan)
এরে ক্ষমা কোরো সখা,এ যে এল তব আঁখি ভুলাতে,শুধু ক্ষণকালতরে মোহ-দোলায় দুলাতে,আঁখি ভুলাতে।মায়াপুরী হতে এল নাবি,নিয়ে এল স্বপ্নের চাবি,তব কঠিন হৃদয়-দুয়ার খুলাতে,আঁখি ভুলাতে॥;রাগ: ভৈরবীতাল: কাহারবারচনাকাল (বঙ্গাব্দ): ফাল্গুন ১৩৪২রচনাকাল (খৃষ্টাব্দ): ফেব্রুয়ারি, ১৯৩৬রচনাস্থান: শান্তিনিকেতনস্বরলিপিকার: শৈলজারঞ্জন মজুমদার;চিত্রাঙ্গদা (গীতবিতান) (chitrangoda gitabitan)
কাহারে হেরিলাম!সে কি সত্য, সে কি মায়া,সে কি কায়া,সে কি সুবর্ণকিরণে রঞ্জিত ছায়া!এসো এসো যে হও সে হও,বলো বলো তুমি স্বপন নও।অনিন্দ্যসুন্দর দেহলতাবহে   সকল আকাঙক্ষার পূর্ণতা॥;রাগ: ভৈরবতাল: কাহারবারচনাকাল (বঙ্গাব্দ): ফাল্গুন ১৩৪২রচনাকাল (খৃষ্টাব্দ): ফেব্রুয়ারি, ১৯৩৬রচনাস্থান: শান্তিনিকেতনস্বরলিপিকার: শৈলজারঞ্জন মজুমদার;চিত্রাঙ্গদা (গীতবিতান) (chitrangoda gitabitan)
তুমি অতিথি, অতিথি আমার।বলো কোন্‌ নামে করি সৎকার।;রাগ: কালাংড়া-ভৈরবীতাল: কাহারবারচনাকাল (বঙ্গাব্দ): ফাল্গুন ১৩৪২রচনাকাল (খৃষ্টাব্দ): ফেব্রুয়ারি, ১৯৩৬রচনাস্থান: শান্তিনিকেতনস্বরলিপিকার: শৈলজারঞ্জন মজুমদার;চিত্রাঙ্গদা (গীতবিতান) (chitrangoda gitabitan)
পাণ্ডব আমি অর্জুন গাণ্ডীবধন্বানৃপতিকন্যা।লহো মোর খ্যাতি,লহো মোর কীর্তি,লহো পৌরুষ-গর্ব।লহো আমার সর্ব॥;রাগ: কালাংড়াতাল: খেমটারচনাকাল (বঙ্গাব্দ): ফাল্গুন ১৩৪২রচনাকাল (খৃষ্টাব্দ): ফেব্রুয়ারি, ১৯৩৬রচনাস্থান: শান্তিনিকেতনস্বরলিপিকার: শৈলজারঞ্জন মজুমদার;চিত্রাঙ্গদা (গীতবিতান) (chitrangoda gitabitan)
কোন্‌ ছলনা এ যে নিয়েছে আকার,এর কাছে মানিবে কি হার।ধিক্‌ ধিক্‌ ধিক্‌।বীর তুমি বিশ্বজয়ী,নারী এ যে মায়াময়ী,পিঞ্জর রচিবে কিএ মরীচিকার।ধিক্‌ ধিক্‌ ধিক্‌।লজ্জা, লজ্জা, হায় এ কী লজ্জা,মিথ্যা রূপ মোর, মিথ্যা সজ্জা।এ যে মিছে স্বপ্নের স্বর্গ,এ যে শুধু ক্ষণিকের অর্ঘ্য,এই কি তোমার উপহার।ধিক্‌ ধিক্‌ ধিক্‌!;রাগ: মিশ্র সোহিনীতাল: কাহারবারচনাকাল (বঙ্গাব্দ): ফাল্গুন ১৩৪২রচনাকাল (খৃষ্টাব্দ): ফেব্রুয়ারি, ১৯৩৬রচনাস্থান: শান্তিনিকেতনস্বরলিপিকার: শৈলজারঞ্জন মজুমদার;চিত্রাঙ্গদা (গীতবিতান) (chitrangoda gitabitan)
কোন্‌ দেবতা সে, কী পরিহাসেভাসালো মায়ার ভেলায়।স্বপ্নের সাথি এসো মোরা মাতিস্বর্গের কৌতুক-খেলায়।সুরের প্রবাহে হাসির তরঙ্গেবাতাসে বাতাসে ভেসে যাব রঙ্গে,নৃত্যবিভঙ্গে,মাধবীবনের মধুগন্ধেমোদিত মোহিত মন্থর বেলায়।যে ফুলমালা দুলায়েছ আজিরোমাঞ্চিত বক্ষতলে,মধুরজনীতে রেখো সরসিয়ামোহের মদির জলে।নবোদিত সূর্যের করসম্পাতেবিকল হবে হায় লজ্জা-আঘাতে,দিন গত হলে নূতন প্রভাতেমিলাবে ধুলার তলেকার অবহেলায়।;রাগ: কালাংড়া-ভৈরবীতাল: কাহারবারচনাকাল (বঙ্গাব্দ): ফাল্গুন ১৩৪২রচনাকাল (খৃষ্টাব্দ): ফেব্রুয়ারি, ১৯৩৬রচনাস্থান: শান্তিনিকেতনস্বরলিপিকার: শৈলজারঞ্জন মজুমদার;চিত্রাঙ্গদা (গীতবিতান) (chitrangoda gitabitan)
অশান্তি আজ হানল এ কী দহনজ্বালা।বিঁধল হৃদয় নিদয় বাণেবেদন-ঢালা।বক্ষে জ্বালায় অগ্নিশিখা,চক্ষে কাঁপায় মরীচিকা,মরণ-সুতোয় গাঁথল কে মোরবরণমালা।চেনা ভুবন হারিয়ে গেলস্বপন-ছায়াতে,ফাগুন-দিনের পলাশরঙেররঙিন মায়াতে।যাত্রা আমার নিরুদ্দেশা,পথ-হারানোর লাগল নেশা,অচিন দেশে এবার আমারযাবার পালা॥;রাগ: হাম্বীরতাল: দাদরারচনাকাল (বঙ্গাব্দ): মাঘ, ১৩৪২রচনাকাল (খৃষ্টাব্দ): 1936স্বরলিপিকার: শৈলজারঞ্জন মজুমদার;চিত্রাঙ্গদা (গীতবিতান) (chitrangoda gitabitan)
"ভস্মে ঢাকে ক্লান্ত হুতাশন;এ খেলা খেলাবে, হে ভগবন,আর কতখন।শেষ যাহা হবেই হবে, তারেসহজে হতে দাও শেষ।সুন্দর যাক রেখে স্বপ্নের রেশ।জীর্ণ কোরো না, কোরো না,যা ছিল নূতন।";রাগ: কীর্তনতাল: কাহারবারচনাকাল (বঙ্গাব্দ): ফাল্গুন ১৩৪২রচনাকাল (খৃষ্টাব্দ): ফেব্রুয়ারি, ১৯৩৬রচনাস্থান: শান্তিনিকেতনস্বরলিপিকার: শৈলজারঞ্জন মজুমদার;চিত্রাঙ্গদা (গীতবিতান) (chitrangoda gitabitan)
না না না, সখী, ভয় নেই, ভয় নেই--ফুল যবে সাঙ্গ করে খেলাফল ধরে সেই।হর্ষ-অচেতন বর্ষরেখে যাক মন্ত্রস্পর্শনবতর ছন্দস্পন্দন॥;রাগ: কীর্তনতাল: কাহারবারচনাকাল (বঙ্গাব্দ): ফাল্গুন ১৩৪২রচনাকাল (খৃষ্টাব্দ): ফেব্রুয়ারি, ১৯৩৬রচনাস্থান: শান্তিনিকেতনস্বরলিপিকার: শৈলজারঞ্জন মজুমদার;চিত্রাঙ্গদা (গীতবিতান) (chitrangoda gitabitan)
কেটেছে একেলা বিরহের বেলাআকাশকুসুম-চয়নে।সব পথ এসে মিলে গেল শেষেতোমার দুখানি নয়নে।দেখিতে দেখিতে নূতন আলোকেকি দিল রচিয়া ধ্যানের পুলকেনূতন ভুবন নূতন দ্যুলোকেমোদের মিলিত নয়নে।বাহির-আকাশে মেঘ ঘিরে আসে,এল সব তারা ঢাকিতে।হারানো সে আলো আসন বিছালোশুধু দুজনের আঁখিতে।ভাষাহারা মম বিজন রোদনাপ্রকাশের লাগি করেছে সাধনা,চিরজীবনেরি বাণীর বেদনামিটিল দোঁহার নয়নে॥;রাগ: মিশ্র দেশতাল: কাহারবারচনাকাল (বঙ্গাব্দ): ১৫ মাঘ, ১৩৪২রচনাকাল (খৃষ্টাব্দ): ২৯ জানুয়ারি, ১৯৩৬রচনাস্থান: শান্তিনিকেতনস্বরলিপিকার: শৈলজারঞ্জন মজুমদার;চিত্রাঙ্গদা (গীতবিতান) (chitrangoda gitabitan)
"কেন রে ক্লান্তি আসে আবেশভার বহিয়াদেহ মন প্রাণ দিবানিশি জীর্ণ অবসাদে।ছিন্ন করো এখনি বীর্যবিলোপী এ কুহেলিকা;এই কর্মহারা কারাগারে রয়েছ কোন্‌ পরমাদে।";রাগ: ভৈরবীতাল: খেমটারচনাকাল (বঙ্গাব্দ): ফাল্গুন ১৩৪২রচনাকাল (খৃষ্টাব্দ): ফেব্রুয়ারি, ১৯৩৬রচনাস্থান: শান্তিনিকেতনস্বরলিপিকার: শৈলজারঞ্জন মজুমদার;চিত্রাঙ্গদা (গীতবিতান) (chitrangoda gitabitan)
"হো, এল এল এল রে দস্যুর দল,গর্জিয়া নামে যেন বন্যার জল।চল্‌ তোরা পঞ্চগ্রামী,চল্‌ তোরা কলিঙ্গধামী,মল্লপল্লী হতে চল,""জয় চিত্রাঙ্গদা' বল্‌,বল্‌ বল্‌ ভাই রে--ভয় নাই, ভয় নাই, ভয় নাই, নাই রে।";রাগ: ইমনতাল: কাহারবারচনাকাল (বঙ্গাব্দ): ফাল্গুন ১৩৪২রচনাকাল (খৃষ্টাব্দ): ফেব্রুয়ারি, ১৯৩৬রচনাস্থান: শান্তিনিকেতনস্বরলিপিকার: শৈলজারঞ্জন মজুমদার;চিত্রাঙ্গদা (গীতবিতান) (chitrangoda gitabitan)
সন্ত্রাসের বিহ্বলতা নিজেরে অপমান।সংকটের কল্পনাতে হোয়ো না ম্রিয়মাণ।মুক্ত করো ভয়,আপনা-মাঝে শক্তি ধরো, নিজেরে করো জয়।দুর্বলেরে রক্ষা করো, দুর্জনেরে হানো,নিজেরে দীন নিঃসহায় যেন কভু না জানো।মুক্ত করো ভয়,নিজের 'পরে করিতে ভর না রেখো সংশয়।ধর্ম যবে শঙ্খরবে করিবে আহ্বাননীরব হয়ে নম্র হয়ে পণ করিয়ো প্রাণ।মুক্ত করো ভয়,দুরূহ কাজে নিজেরি দিয়ো কঠিন পরিচয়।;রাগ: ইমনকল্যাণতাল: দাদরারচনাকাল (বঙ্গাব্দ): ফাল্গুন ১৩৪২রচনাকাল (খৃষ্টাব্দ): ফেব্রুয়ারি, ১৯৩৬রচনাস্থান: শান্তিনিকেতনস্বরলিপিকার: শৈলজারঞ্জন মজুমদার;চিত্রাঙ্গদা (গীতবিতান) (chitrangoda gitabitan)
চিত্রাঙ্গদা রাজকুমারীকেমন না জানিআমি তাই ভাবি মনে মনে।শুনি     স্নেহে সে নারীবীর্যে সে পুরুষ,শুনি     সিংহাসনা যেন সেসিংহবাহিনী।জান যদি বলো প্রিয়ে,বলো তার কথা॥;রাগ: কাফিতাল: কাহারবারচনাকাল (বঙ্গাব্দ): ফাল্গুন ১৩৪২রচনাকাল (খৃষ্টাব্দ): ফেব্রুয়ারি, ১৯৩৬রচনাস্থান: শান্তিনিকেতনস্বরলিপিকার: শৈলজারঞ্জন মজুমদার;চিত্রাঙ্গদা (গীতবিতান) (chitrangoda gitabitan)
ছি ছি, কুৎসিত কুরূপ সে।হেন বঙ্কিম ভুরুযুগ নাহি তার,হেন উজ্জ্বল কজ্জল-আঁখিতারা।সন্ধিতে পারে লক্ষ্যকীণাঙ্কিত তার বাহু,বিঁধিতে পারে না বীরবক্ষকুটিল কটাক্ষশরে।নাহি লজ্জা, নাই শঙ্কা,নাহি নিষ্ঠুর সুন্দর রঙ্গ,নাহি নীরব ভঙ্গির সংগীতলীলাইঙ্গিতছন্দমুখর॥;রাগ: বেহাগতাল: কাহারবারচনাকাল (বঙ্গাব্দ): ফাল্গুন ১৩৪২রচনাকাল (খৃষ্টাব্দ): ফেব্রুয়ারি, ১৯৩৬রচনাস্থান: শান্তিনিকেতনস্বরলিপিকার: শৈলজারঞ্জন মজুমদার;চিত্রাঙ্গদা (গীতবিতান) (chitrangoda gitabitan)
আগ্রহ মোর অধীর অতি--কোথা সে রমণী বীর্যবতী।কোষবিমুক্ত কৃপাণলতা--দারুণ সে, সুন্দর সেউদ্যত বজ্রের রুদ্ররসে,নহে সে ভোগীর লোচনলোভা,ক্ষত্রিয়বাহুর ভীষণ শোভা॥;রাগ: সোহিনীতাল: কাহারবারচনাকাল (বঙ্গাব্দ): ফাল্গুন, ১৩৪২রচনাকাল (খৃষ্টাব্দ): ফেব্রুয়ারি, ১৯৩৬রচনাস্থান: শান্তিনিকেতনস্বরলিপিকার: শৈলজারঞ্জন মজুমদার;চিত্রাঙ্গদা (গীতবিতান) (chitrangoda gitabitan)
নারীর ললিত লোভন লীলায়এখনি কেন এ ক্লান্তি।এখনি কি সখা, খেলা হল অবসান।যে মধুর রসে ছিলে বিহ্বলসে কি মধুমাখা ভ্রান্তি,সে কি স্বপ্নের দান,সে কি    সত্যের অপমান।দূর দুরাশায় হৃদয় ভরিছ,কঠিন প্রেমের প্রতিমা গড়িছ,কী মনে ভাবিয়া নারীতে করিছপৌরুষসন্ধান।এও কি মায়ার দান।সহসা মন্ত্রবলেনমনীয় এই কমনীয়তারেযদি আমাদের সখী একেবারেপরের বসন-সমান ছিন্নকরি ফেলে ধূলিতলে,সবে না সবে না সে নৈরাশ্য--ভাগ্যের সেই অট্টহাস্যজানি জানি সখা, ক্ষুব্ধ করিবেলুব্ধ পুরুষপ্রাণ,হানিবে নিঠুর বাণ॥;রাগ: পিলুতাল: দাদরারচনাকাল (বঙ্গাব্দ): ফাল্গুন ১৩৪২রচনাকাল (খৃষ্টাব্দ): ফেব্রুয়ারি, ১৯৩৬রচনাস্থান: শান্তিনিকেতনস্বরলিপিকার: শৈলজারঞ্জন মজুমদার;চিত্রাঙ্গদা (গীতবিতান) (chitrangoda gitabitan)
যদি মিলে দেখাতবে তারি সাথেছুটে যাব আমিআর্তত্রাণে।ভোগের আবেশ হতেঝাঁপ দিব যুদ্ধস্রোতে।আজি মোর চঞ্চল রক্তের মাঝেঝননন ঝননন ঝঞ্ঝনা বাজে।চিত্রাঙ্গদা রাজকুমারীএকাধারে মিলিত পুরুষ নারী॥;রাগ: মিশ্র কেদারাতাল: কাহারবারচনাকাল (বঙ্গাব্দ): ফাল্গুন ১৩৪২রচনাকাল (খৃষ্টাব্দ): ফেব্রুয়ারি, ১৯৩৬রচনাস্থান: শান্তিনিকেতনস্বরলিপিকার: শৈলজারঞ্জন মজুমদার;চিত্রাঙ্গদা (গীতবিতান) (chitrangoda gitabitan)
ভাগ্যবতী সে যে,এত দিনে তার আহ্বানএল তব বীরের প্রাণে।আজ অমাবস্যার রাতিহোক অবসান।কাল শুভ শুভ্র প্রাতেদর্শন মিলিবে তার,মিথ্যায় আবৃত নারীঘুচাবে মায়া-অবগুণ্ঠন॥;রাগ: ভৈরবতাল: কাহারবারচনাকাল (বঙ্গাব্দ): ফাল্গুন ১৩৪২রচনাকাল (খৃষ্টাব্দ): ফেব্রুয়ারি, ১৯৩৬রচনাস্থান: শান্তিনিকেতনস্বরলিপিকার: শৈলজারঞ্জন মজুমদার;চিত্রাঙ্গদা (গীতবিতান) (chitrangoda gitabitan)
"লহো লহো ফিরে লহোতোমার এই বর,হে অনঙ্গদেব।মুক্তি দেহো মোরে, ঘুচায়ে দাওএই মিথ্যার জাল,হে অনঙ্গদেব।চুরির ধন আমার দিব ফিরায়েতোমার পায়েআমার অঙ্গশোভা;অধররক্ত-রাঙিমা যাক মিলায়েঅশোকবনে, হে অনঙ্গদেব।যাক যাক যাক এ ছলনা,যাক এ স্বপন, হে অনঙ্গদেব॥";রাগ: বাহারতাল: খেমটারচনাকাল (বঙ্গাব্দ): ফাল্গুন ১৩৪২রচনাকাল (খৃষ্টাব্দ): ফেব্রুয়ারি, ১৯৩৬রচনাস্থান: শান্তিনিকেতনস্বরলিপিকার: শৈলজারঞ্জন মজুমদার;চিত্রাঙ্গদা (গীতবিতান) (chitrangoda gitabitan)
তাই হোক তবে তাই হোক,কেটে যাক রঙিন কুয়াশা,দেখা দিক শুভ্র আলোক।মায়া ছেড়ে দিক পথ,প্রেমের আসুক জয়রথ,রূপের অতীত রূপদেখে যেন প্রেমিকের চোখ--দৃষ্টি হতে খসে যাক, খসে যাকমোহনির্মোক॥;রাগ: কীর্তনতাল: কাহারবারচনাকাল (বঙ্গাব্দ): ফাল্গুন ১৩৪২রচনাকাল (খৃষ্টাব্দ): ফেব্রুয়ারি, ১৯৩৬রচনাস্থান: শান্তিনিকেতনস্বরলিপিকার: শৈলজারঞ্জন মজুমদার;চিত্রাঙ্গদা (গীতবিতান) (chitrangoda gitabitan)
বিনা সাজে সাজি দেখা দিবে তুমি কবে,আভরণে আজি আবরণ কেন রবে।ভালোবাসা যদি মেশে মায়াময় মোহেআলোতে আঁধারে দোঁহারে হারাব দোঁহে,ধেয়ে আসে হিয়া তোমার সহজ রবে--আভরণ দিয়া আবরণ কেন তবে।ভাবের রসেতে যাহার নয়ন ডোবাভূষণে তাহারে দেখাও কিসের শোভা।কাছে এসে তবু কেন রয়ে গেলে দূরে।বাহির-বাঁধনে বাঁধিবে কি বন্ধুরে।নিজের ধনে কি নিজে চুরি করে লবে--আভরণে আজি আবরণ কেন তবে॥;রাগ: কীর্তনতাল: ষষ্ঠীরচনাকাল (বঙ্গাব্দ): ১৯ চৈত্র, ১৩৩২রচনাকাল (খৃষ্টাব্দ): ২ এপ্রিল, ১৯২৬রচনাস্থান: শান্তিনিকেতনস্বরলিপিকার: দিনেন্দ্রনাথ ঠাকুর;চিত্রাঙ্গদা (গীতবিতান) (chitrangoda gitabitan)
এসো এসো পুরুষোত্তম,এসে এসো বীর মম।তোমার পথ চেয়েআছে প্রদীপ জ্বালা।আজি   পরিবে বীরাঙ্গনার হাতেদৃপ্ত ললাটে, সখা,বীরের বরণমালা।ছিন্ন ক'রে দিবে সে তারশক্তির অভিমান,তোমার    চরণে করিবে দানআত্মনিবেদনের ডালা,চরণে করিবে দান।আজ     পরাবে বীরাঙ্গনা তোমারদৃপ্ত ললাটে সখা,বীরের বরণমালা।;রাগ: কীর্তন-মিশ্র রামকেলীতাল: কাহারবারচনাকাল (বঙ্গাব্দ): ফাল্গুন ১৩৪২রচনাকাল (খৃষ্টাব্দ): ফেব্রুয়ারি, ১৯৩৬রচনাস্থান: শান্তিনিকেতনস্বরলিপিকার: শৈলজারঞ্জন মজুমদার;চিত্রাঙ্গদা (গীতবিতান) (chitrangoda gitabitan)
হে কৌন্তেয়,ভালো লেগেছিল ব'লেতব করযুগে সখী দিয়েছিল ভরিসৌন্দর্যের ডালি,নন্দনকানন হতে পুষ্প তুলে এনেবহু সাধনায়।যদি সাঙ্গ হল পূজা,তবে আজ্ঞা করো প্রভু,নির্মাল্যের সাজিথাক্‌ পড়ে মন্দির-বাহিরে।এইবার প্রসন্ন নয়নে চাওসেবিকার পানে।;রাগ: কীর্তন-মিশ্র রামকেলীতাল: কাহারবারচনাকাল (বঙ্গাব্দ): ফাল্গুন ১৩৪২রচনাকাল (খৃষ্টাব্দ): ফেব্রুয়ারি, ১৯৩৬রচনাস্থান: শান্তিনিকেতনস্বরলিপিকার: শৈলজারঞ্জন মজুমদার;চিত্রাঙ্গদা (গীতবিতান) (chitrangoda gitabitan)
আমি চিত্রাঙ্গদা, আমি রাজেন্দ্রনন্দিনী।নহি দেবী, নহি সামান্যা নারী।পূজা করি মোরে রাখিবে ঊর্ধ্বেসে নহি নহি,হেলা করি মোরে রাখিবে পিছেসে নহি নহি।যদি পার্শ্বে রাখ মোরেসংকটে সম্পদে,সম্মতি দাও যদি কঠিন ব্রতেসহায় হতে,পাবে তবে তুমি চিনিতে মোরে।আজ শুধু করি নিবেদন--আমি চিত্রাঙ্গদা রাজেন্দ্রনন্দিনী॥;রাগ: সাহানাতাল: কাহারবারচনাকাল (বঙ্গাব্দ): ফাল্গুন ১৩৪২রচনাকাল (খৃষ্টাব্দ): ফেব্রুয়ারি, ১৯৩৬রচনাস্থান: শান্তিনিকেতনস্বরলিপিকার: শৈলজারঞ্জন মজুমদার;চিত্রাঙ্গদা (গীতবিতান) (chitrangoda gitabitan)
তৃষ্ণার শান্তি সুন্দরকান্তিতুমি এসো বিরহের সন্তাপ-ভঞ্জন।দোলা দাও বক্ষে,এঁকে দাও চক্ষেস্বপনের তুলি দিয়ে মাধুরীর অঞ্জন।এনে দাও চিত্তেরক্তের নৃত্যেবকুলনিকুঞ্জের মধুকরগুঞ্জন।উদ্‌বেল উতরোলযমুনার কল্লোল,কম্পিত বেণুবনে মলয়ের চুম্বন।আনো নব পল্লবেনর্তন উল্লোল,অশোকের শাখা ঘেরী বল্লরীবন্ধন॥;রাগ: বেহাগতাল: কাহারবারচনাকাল (বঙ্গাব্দ): ফাল্গুন ১৩৪২রচনাকাল (খৃষ্টাব্দ): ফেব্রুয়ারি, ১৯৩৬রচনাস্থান: শান্তিনিকেতনস্বরলিপিকার: শৈলজারঞ্জন মজুমদার;চিত্রাঙ্গদা (গীতবিতান) (chitrangoda gitabitan)
এসো এসো বসন্ত, ধরাতলে--আনো মুহু মুহু নব তান,আনো নব প্রাণ,নব গান,আনো গন্ধমদভরে অলস সমীরণ,আনো বিশ্বের অন্তরে অন্তরেনিবিড় চেতনা।আনো নব উল্লাসহিল্লোল,আনো আনো আনন্দছন্দের হিন্দোলাধরাতলে।ভাঙো ভাঙো বন্ধনশৃঙ্খল,আনো, আনো উদ্দীপ্ত প্রাণের বেদনাধরাতলে।এসো    থরথর-কম্পিতমর্মরমুখরিতমধু সৌরভপুলকিতফুল-আকুল মালতীবল্লীবিতানেসুখছায়ে মধুবায়ে।এসো    বিকশিত উন্মুখ,এসো চিরউৎসুক,নন্দনপথ-চিরযাত্রী।আনো    বাঁশরিমন্দ্রিত মিলনের রাত্রি,পরিপূর্ণ সুধাপাত্রনিয়ে এসো।এসো অরুণচরণ কমলবরনতরুণ উষার কোলে।এসো    জ্যোৎস্নাবিবশ নিশীথে,এসো   নীরব কুঞ্জকুটীরে,সুখসুপ্ত সরসীনীরে।এসো    তড়িৎশিখাসম ঝঞ্ঝাবিভঙ্গে,সিন্ধুতরঙ্গদোলে।এসো    জাগরমুখর প্রভাতে,এসো   নগরে প্রান্তরে বনে,এসো    কর্মে বচনে মনে।এসো    মঞ্জীরগুঞ্জর চরণে,এসো    গীতমুখর কলকণ্ঠে।এসো    মঞ্জুল মল্লিকামাল্যে,এসো    কোমল কিশলয়বসনে।এসো    সুন্দর, যৌবনবেগে।এসো    দৃপ্ত বীর, নব তেজে।ওহে    দুর্মদ, করো জয়যাত্রাজরাপরাভব-সমরে--পবনে কেশররেণু ছড়ায়ে,চঞ্চল কুন্তল উড়ায়ে॥;রাগ: বসন্ত-পঞ্চম-ভৈরব-বাহারতাল: কাহারবারচনাকাল (বঙ্গাব্দ): ফাল্গুন ১৩৪২রচনাকাল (খৃষ্টাব্দ): ফেব্রুয়ারি, ১৯৩৬রচনাস্থান: শান্তিনিকেতনস্বরলিপিকার: শৈলজারঞ্জন মজুমদার;চিত্রাঙ্গদা (গীতবিতান) (chitrangoda gitabitan)
ভারত রে, তোর কলঙ্কিত পরমাণুরাশিযত দিন সিন্ধু না ফেলিবে গ্রাসি  তত দিন তুই কাঁদ্‌ রে ।এই হিমগিরি স্পর্শিয়া আকাশ  প্রাচীন হিন্দুর কীর্তি-ইতিহাসযত দিন তোর শিয়রে দাঁড়ায়ে  অশ্রুজলে তোর বক্ষ ভাসাইবেতত দিন তুই কাঁদ্‌ রে ।।যে দিন তোমার গিয়াছে চলিয়া  সে দিন তো আর আসিবে না ।যে রবি পশ্চিমে পড়েছে ঢলিয়া  সে আর পুরবে উঠিবে না ।এমনি সকল নীচ হীনপ্রাণ  জনমেছে তোর কলঙ্কী সন্তানএকটি বিন্দু অশ্রুও কেহ  তোমার তরে দেয় না ঢালি ।যে দিন তোমার তরে শোণিত ঢালিত  সে দিন যখন গিয়াছে চলিতখন, ভারত, কাঁদ্‌ রে ।।তবে বিধি কেন এত অলঙ্কারে  রেখেছ সাজায়ে ভারতকায় ।ভারতের বনে পাখি গায় গান,  স্বর্ণমেঘ-মাখা ভারতবিমান—হেথাকার লতা ফুলে ফুলে ভরা,  স্বর্ণশস্যময়ী হেথাকার ধরা—প্রফুল্ল তটিনী বহিয়ে যায় ।কেন লজ্জাহীনা অলঙ্কার পরি    রোগশুষ্কমুখে হাসিরাশি ভরিরূপের গরব করিস্‌ হায় ।যে দিন গিয়াছে সে তো ফিরিবে না,তবে, রে ভারত, কাঁদ্‌ রে ।।ভারত, তোর এ কলঙ্ক দেখিয়া  শরমে মলিন মুখ লুকাইয়াআমরা যে কবি বিজনে কাঁদিব,  বিজনে বিষাদে বীণা ঝঙ্কারিব,তাতেও যখন স্বাধীনতা নাইতখন, ভারত, কাঁদ্‌ রে ।।;রাগ: ভৈরবীতাল: অজ্ঞাতরচনাকাল (বঙ্গাব্দ): 1285রচনাকাল (খৃষ্টাব্দ): 1878;জাতীয় সংগীত (jateeya-sangeet)
অয়ি বিষাদিনী বীণা, আয় সখী,   গা লো সেই-সব পুরানো গান—বহুদিনকার লুকানো স্বপনে   ভরিয়া দে-না লো আঁধার প্রাণ ।।হা রে হতবিধি, মনে পড়ে তোর   সেই একদিন ছিলআমি আর্যলক্ষ্মী এই হিমালয়ে  এই বিনোদিনী বীণা করে লয়েযে গান গেয়েছি সে গান শুনিয়া  জগত চমকি উঠিয়াছিল ।।আমি অর্জুনেরে— আমি যুধিষ্ঠিরে   করিয়াছি স্তনদান ।এই কোলে বসি বাল্মীকি করেছে  পুণ্য রামায়ণ গান ।আজ অভাগিনী— আজ অনাথিনীভয়ে ভয়ে ভয়ে লুকায়ে লুকায়ে  নীরবে নীরবে কাঁদি,পাছে জননীর রোদন শুনিয়া   একটি সন্তান উঠে রে জাগিয়া !কাঁদিতেও কেহ দেয় না বিধি ।।হায় রে বিধাতা, জানেনা তাহারা  সে দিন গিয়াছে চলিযে দিন মুছিতে বিন্দু-অশ্রুধার  কত-না করিত সন্তান আমার—কত-না শোণিত দিত রে ঢালি ।।;রাগ: বাহারতাল: কাওয়ালিরচনাকাল (বঙ্গাব্দ): 1285রচনাকাল (খৃষ্টাব্দ): 1878;জাতীয় সংগীত (jateeya-sangeet)
শোনো শোনো আমাদের ব্যথা   দেবদেব, প্রভু, দয়াময়—আমাদের ঝরিছে নয়ন,   আমাদের ফাটিছে হৃদয় ।।চিরদিন আঁধার না রয়— রবি উঠে, নিশি দূর হয়—এ দেশের মাথার উপরে  এ নিশীথ হবে না কি ক্ষয় ।চিরদিন ঝরিবে নয়ন ?  চিরদিন ফাটিবে হৃদয় ?।মরমে লুকানো কত দুখ,  ঢাকিয়া রয়েছি ম্লান মুখ—কাঁদিবার নাই অবসর—  কথা নাই, শুধু ফাটে বুক ।সঙ্কোচে ম্রিয়মাণ প্রাণ,  দশ দিশি বিভীষিকাময়—হেন হীন দীনহীন দেশে  বুঝি তব হবে না আলয় ।চিরদিন ঝরিবে নয়ন,  চিরদিন ফাটিবে হৃদয় ।।কোনো কালে তুলিব কি মাথা ।  জাগিবে কি অচেতন প্রাণ ।ভারতের প্রভাতগগনে  উঠিবে কি তব জয়গান ।আশ্বাসবচন কোনো ঠাঁই  কোনোদিন শুনিতে না পাই—শুনিতে তোমার বাণী তাই  মোরা সবে রয়েছি চাহিয়া ।বলো, প্রভু, মুছিবে এ আঁখি,  চিরদিন ফাটিবে না হিয়া ।।;রাগ: ঝিঁঝিট - পাশ্চাত্য প্রভাবতাল: ঝাঁপতালরচনাকাল (বঙ্গাব্দ): 1291রচনাকাল (খৃষ্টাব্দ): 1884স্বরলিপিকার: ইন্দিরা দেবী;জাতীয় সংগীত (jateeya-sangeet)
একি অন্ধকার এ ভারতভূমি !বুঝি, পিতা, তারে ছেড়ে গেছ তুমি ।প্রতি পলে পলে ডুবে রসাতলে— কে তারে ঊদ্ধার করিবে ।।চারি দিকে চাই, নাহি হেরি গতি।   নাহি যে আশ্রয়, অসহায় অতি ।আজি এ আঁধারে বিপদপাথারে  কাহার চরণ ধরিবে ।তুমি চাও পিতা, ঘুচাও এ দুখ।  অভাগা দেশেরে হোয়ো না বিমুখ—নহিলে আঁধারে বিপদপাথারে কাহার চরণ ধরিবে ।দেখো চেয়ে তব সহস্র সন্তান  লাজে নতশির, ভয়ে কম্পমান,কাঁদিছে সহিছে শত অপমান— লাজ মান আর থাকে না ।হীনতা লয়েছে মাথায় তুলিয়া,  তোমারেও তাই গিয়াছে ভুলিয়া,দয়ময় ব’লে আকুলহৃদয়ে  তোমারেও তারা ডাকে না ।তুমি চাও পিতা, তুমি চাও চাও।  এ হীনতা-পাপ এ দুঃখ ঘুচাও ।ললাটের কলঙ্ক মুছাও মুছাও— নহিলে এ দেশ থাকে না ।তুমি যবে ছিলে এ পুণ্যভবনে  কী সৌরভসুধা বহিত পবনে,কী আনন্দগান উঠিত গগনে,  কী প্রতিভাজ্যোতি ঝলিত ।ভারত-অরণ্যে ঋষিদের গান  অনন্তসদনে করিত প্রয়াণ—তোমারে চাহিয়া পুণ্যপথ দিয়া  সকলে মিলিয়া চলিত ।আজি কী হয়েছে !  চাও পিতা, চাও। এ তাপ এ পাপ এ দুখ ঘুচাও।মোরা তো রয়েছি তোমারি সন্তানযদিও হয়েছি পতিত।।;রাগ: প্রভাতীতাল: দাদরারচনাকাল (বঙ্গাব্দ): 1291রচনাকাল (খৃষ্টাব্দ): 1885স্বরলিপিকার: সরলা দেবী, ইন্দিরা দেবী;জাতীয় সংগীত (jateeya-sangeet)
ঢাকো রে মুখ, চন্দ্রমা, জলদে ।বিহগেরা থামো থামো ।  আঁধারে কাঁদো গো তুমি ধরা ।।গাবে যদি গাও রে সবে  গাও রে শত অশনি-মহানিনাদে—ভীষণ প্রলয়সঙ্গীতে জাগাও জাগাও, জাগাও রে এ ভারতে ।।বনবিহঙ্গ, তুমি ও সুখগীতি গেও না ।  প্রমোদমদিরা ঢালি প্রাণে প্রাণেআনন্দরাগিণী আজি কেন বাজিছে এত হরষে—ছিঁড়ে ফেল্‌ বীণা আজি বিষাদের দিনে ।।;রাগ: মিশ্র বাহারতাল: চৌতালরচনাকাল (বঙ্গাব্দ): 1285রচনাকাল (খৃষ্টাব্দ): 1878;জাতীয় সংগীত (jateeya-sangeet)
দেশে দেশে ভ্রমি তব দুখ গান গাহিয়েনগরে প্রান্তরে বনে বনে ।  অশ্রু ঝরে দু নয়নে,পাষাণ হৃদয় কাঁদে সে কাহিনী শুনিয়ে ।জ্বলিয়া উঠে অযুত প্রাণ,  এক সাথে মিলি এক গান গায়—নয়নে অনল ভায়— শূন্য কাঁপে অভ্রভেদী বজ্রনির্ঘোষে !ভয়ে সবে নীরবে চাহিয়ে ।।ভাই বন্ধু তোমা বিনা আর মোর কেহ নাই ।তুমি পিতা, তুমি মাতা, তুমি মোর সকলই ।তোমারি দুঃখে কাঁদিব মাতা, তোমারি দুঃখে কাঁদাব ।তোমারি তরে রেখেছি প্রাণ,  তোমারি তরে ত্যজিব ।সকল দুঃখ সহিব সুখেতোমারি মুখ চাহিয়ে ।।;রাগ: বাহারতাল: একতালরচনাকাল (বঙ্গাব্দ): 1288রচনাকাল (খৃষ্টাব্দ): 1882স্বরলিপিকার: ইন্দিরা দেবী;জাতীয় সংগীত (jateeya-sangeet)
এক সূত্রে বাঁধিয়াছি সহস্রটি মন,এক কার্যে সঁপিয়াছি সহস্র জীবন—বন্দে মাতরম্‌ ।।আসুক সহস্র বাধা, বাধুক প্রলয়,আমরা সহস্র প্রাণ রহিব নির্ভয়—বন্দে মাতরম্‌ ।।আমরা ডরাইব না ঝটিকা-ঝঞ্ঝায়,অযুত তরঙ্গ বক্ষে সহিব-হেলায় ।টুটে তো টুটুক এই নশ্বর জীবন,তবু না ছিঁড়িবে কভু এ দৃঢ় বন্ধন—বন্দে মাতরম্‌ ।।;রাগ: ঝিঁঝিটতাল: দাদরারচনাকাল (বঙ্গাব্দ): 1286রচনাকাল (খৃষ্টাব্দ): 1879;জাতীয় সংগীত (jateeya-sangeet)
তোমারি তরে, মা, সঁপিনু এ দেহ।  তোমারি তরে, মা, সঁপিনু প্রাণ ।।তোমারি শোকে এ আঁখি বরষিবে,   এ বীণা তোমারি গাহিবে গান ।।যদিও এ বাহু অক্ষম দুর্বল  তোমারি কার্য সাধিবে ।যদিও এ অসি কলঙ্কে মলিন  তোমারি পাশ নাশিবে ।।যদিও, হে দেবী, শোণিতে আমার  কিছুই তোমার হবে নাতবু, ওগো মাতা পারি তা ঢালিতে  একতিল তব কলঙ্ক ক্ষালিতে—নিভাতে তোমার যাতনা ।যদিও, জননী, যদিও আমার  এ বীণায় কিছু নাহিক বলকী জানি যদি, মা, একটি সন্তান  জাগি উঠে শুনি এ বীণাতান ।।;রাগ: দেশতাল: একতালরচনাকাল (বঙ্গাব্দ): 1284রচনাকাল (খৃষ্টাব্দ): 1877স্বরলিপিকার: সরলা দেবী, দিনেন্দ্রনাথ ঠাকুর, ইন্দিরা দেবী;জাতীয় সংগীত (jateeya-sangeet)
তবু  পারি নে সঁপিতে প্রাণ ।পলে পলে মরি সেও ভালো, সহি  পদে পদে অপমান ।।কথার বাঁধুনি, কাঁদুনির পালা— চোখে নাহি কারো নীর ।আবেদন আর নিবেদনের থালা  ব’হে ব’হে নত শির ।কাঁদিয়ে সোহাগ, ছি ছি একি লাজ !  জগতের মাঝে ভিখারির সাজ—আপনি করি নে আপনার কাজ,  পরের ' পরে অভিমান ।।আপনি নামাও কলঙ্কপশরা,  যেয়ো না পরের দ্বার—পরের পায়ে ধ’রে মান ভিক্ষা করা  সকল ভিক্ষার ছার ।‘দাও দাও’ ব’লে পরের পিছু পিছু  কাঁদিয়া বেড়ালে মেলে না তো কিছু—মান পেতে চাও, প্রাণ পেতে চাও,  প্রাণ আগে করো দান ।।;রাগ: পিলুতাল: একতালরচনাকাল (বঙ্গাব্দ): 1294রচনাকাল (খৃষ্টাব্দ): 1887;জাতীয় সংগীত (jateeya-sangeet)
কেন চেয়ে আছ, গো মা, মুখপানে ।এরা  চাহে না তোমারে চাহে না যে,  আপন মায়েরে নাহি জানে।এরা  তোমায় কিছু দেবে না, দেবে না— মিথ্যা কহে শুধু কত কী ভাণে।।তুমি তো দিতেছ, মা, যা আছে তোমারি— স্বর্ণশস্য তব, জাহ্নবীবারি,জ্ঞান ধর্ম কত পুণ্যকাহিনী।এরা কী দেবে তোরে ! কিছু না, কিছু না। মিথ্যা কবে শুধু হীনপরানে।।মনের বেদনা রাখো, মা, মনে ।  নয়নবারি নিবারো নয়নে।।মুখ লুকাও, মা, ধুলিশয়নে— ভুলে থাকো যত হীন সন্তানে।শূন্য-পানে চেয়ে প্রহর গণি গণি  দেখো কাটে কিনা দীর্ঘ রজনী।দুঃখ জানায়ে কী হবে, জননী,  নির্মম চেতনাহীন পাষাণে ।।;রাগ: কাফিতাল: কাহারবারচনাকাল (বঙ্গাব্দ): 1293রচনাকাল (খৃষ্টাব্দ): 1886স্বরলিপিকার: সরলা দেবী;জাতীয় সংগীত (jateeya-sangeet)
একবার তোরা মা বলিয়া ডাক্‌ ,  জগতজনের শ্রবণ জুড়াক,হিমাদ্রিপাষাণ কেঁদে গলে যাক— মুখ তুলে আজি চাহো রে ।।দাঁড়া দেখি তোরা আত্মপর ভুলি,  হৃদয়ে হৃদয়ে ছুটুক বিজুলি—প্রভাতগগনে কোটি শির তুলি  নির্ভয়ে আজি গাহো রে ।।বিশ কোটি কন্ঠে মা ব'লে ডাকিলে  রোমাঞ্চ উঠিবে অনন্ত নিখিলে,বিশ কোটি ছেলে মায়েরে ঘেরিলে   দশ দিক সুখে হাসিবে ।সেদিন প্রভাতে নূতন তপন  নূতন জীবন করিবে বপনএ নহে কাহিনী, এ নহে স্বপন— আসিবে সে দিন আসিবে ।।আপনার মায়ে মা বলে ডাকিলে,   আপনার ভায়ে হৃদয়ে রাখিলে,সব পাপ তাপ দূরে যায় চলে  পুণ্য প্রেমের বাতাসে ।সেথায় বিরাজে দেব-আশীর্বাদ— না থাকে কলহ, না থাকে বিষাদ—ঘুচে অপমান, জেগে ওঠে প্রাণ— বিমল প্রতিভা বিকাশে ।।;রাগ: কীর্তনতাল: একতালরচনাকাল (বঙ্গাব্দ): 1292রচনাকাল (খৃষ্টাব্দ): 1886স্বরলিপিকার: সরলা দেবী, কাঙ্গালীচরণ সেন;জাতীয় সংগীত (jateeya-sangeet)
কে এসে যায় ফিরে ফিরে  আকুল নয়ননীরে ।কে বৃথা আশাভরে  চাহিছে মুখ’পরে ।সে যে আমার জননী রে ।।কাহার সুধাময়ী বাণী  মিলায় অনাদর মানি !কাহার ভাষা হায়  ভুলিতে সবে চায় ।সে যে আমার জননী রে ।।ক্ষণেক স্নেহ-কোল ছাড়ি  চিনিতে আর নাহি পারি ।আপন সন্তান  করিছে অপমান—সে যে আমার জননী রে ।।পুণ্য কুটিরে বিষণ্ণ  কে বসি সাজাইয়া অন্ন ।সে স্নেহ-উপচার  রুচে না মুখে আর ।সে যে আমার জননী রে ।।;রাগ: ভৈরবীতাল: তেওরারচনাকাল (বঙ্গাব্দ): 1304রচনাকাল (খৃষ্টাব্দ): 1897স্বরলিপিকার: ইন্দিরা দেবী, সরলা দেবী;জাতীয় সংগীত (jateeya-sangeet)
হে ভারত, আজি তোমারি সভায়  শুন এ কবির গান ।তোমার চরণে নবীন হরষে  এনেছি পূজার দান ।এনেছি মোদের দেহের শকতি,  এনেছি মোদের মনের ভকতি,এনেছি মোদের ধর্মের মতি,  এনেছি মোদের প্রাণ—এনেছি মোদের শ্রেষ্ঠ অর্ঘ্য  তোমারে করিতে দান।।কাঞ্চনথালি নাহি আমাদের,  অন্ন নাহিকো জুটে ।যা আছে মোদের এনেছি সাজায়ে  নবীন পর্ণপুটে ।সমারোহে আজ নাই প্রয়োজন— দীনের এ পূজা, দীন আয়োজন—চিরদারিদ্র্য করিব মোচন  চরণের ধুলা লুটে ।সুরদুর্লভ তোমার প্রসাদ  লইব পর্ণপুটে ।।রাজা তুমি নহ, হে মহাতাপস,  তুমিই প্রাণের প্রিয় ।ভিক্ষাভূষণ ফেলিয়া পরিব  তোমারি উত্তরীয় ।।দৈন্যের মাঝে আছে তব ধন,  মৌনের মাঝে রয়েছে গোপনতোমার মন্ত্র অগ্নিবচন— তাই আমাদের দিয়ো ।পরের সজ্জা ফেলিয়া পরিব  তোমারি উত্তরীয় ।দাও আমাদের অভয়মন্ত্র,  অশোকমন্ত্র তব ।দাও আমাদের অমৃতমন্ত্র,  দাও গো জীবন নব ।যে জীবন ছিল তব তপোবনে,  যে জীবন ছিল তব রাজাসনে,মুক্ত দীপ্ত সে মহাজীবনে  চিত্ত ভরিয়া লব ।মৃত্যুতরণ শঙ্কাহরণ  দাও সে মন্ত্র তব ।।;রাগ: ইমনকল্যাণতাল: একতালরচনাকাল (বঙ্গাব্দ): 1308রচনাকাল (খৃষ্টাব্দ): 1902;জাতীয় সংগীত (jateeya-sangeet)
নব বৎসরে করিলাম পণ  লব স্বদেশের দীক্ষা—তব আশ্রমে তোমার চরণে,  হে ভারত, লব শিক্ষা ।পরের ভূষণ, পরের বসন, তেয়াগিব আজ পরের অশন—যদি হই দীন না হইব হীন,  ছাড়িব পরের ভিক্ষা ।নব বৎসরে করিলাম পণ  লব স্বদেশের দীক্ষা ।।না থাকে প্রাসাদ আছে তো কুটির  কল্যাণে সুপবিত্র ।না থাকে নগর আছে তব বন  ফলে ফুলে সুবিচিত্র ।তোমা হতে যত দূরে গেছি স’রে  তোমারে দেখেছি তত ছোটো ক’রে ।কাছে দেখি আজ, হে হৃদয়রাজ,  তুমি পুরাতন মিত্র ।হে তাপস, তব পর্ণকুটির  কল্যাণে সুপবিত্র ।পরের বাক্যে তব পর হয়ে  দিয়েছি পেয়েছি লজ্জা ।তোমারে ভুলিতে ফিরায়েছি মুখ,  পরেছি পরের সজ্জা ।কিছু নাহি গণি’ কিছু নাহি কহি’  জপিছ মন্ত্র অন্তরে রহি—তব সনাতন ধ্যানের আসন  মোদের অস্থিমজ্জা ।পরের বুলিতে তোমারে ভুলিতে  দিয়েছি পেয়েছি লজ্জা ।।সে-সকল লাজ তেয়াগিব আজ,  লইব তোমার দীক্ষা ।তব পদতলে বসিয়া বিরলে  শিখিব তোমার শিক্ষা ।তোমার ধর্ম, তোমার কর্ম,  তব মন্ত্রের গভীর মর্মলইব তুলিয়া সকল ভুলিয়া  ছাড়িয়া পরের ভিক্ষা ।তব গৌরবে গরব মানিব,  লইব তোমার দীক্ষা ।।;রাগ: মিশ্র ঝিঁঝিটরচনাকাল (বঙ্গাব্দ): 1308রচনাকাল (খৃষ্টাব্দ): 1902;জাতীয় সংগীত (jateeya-sangeet)
ওরে ভাই, মিথ্যা ভেবো না ।হবার নয় যা কোনোমতেই হবেই না সে, হতে দেব না ।।পড়ব না রে ধুলায় লুটে,  যাবে না রে বাঁধন টুটে— যেতে দেব না ।মাথা যাতে নত হবে এমন বোঝা মাথায় নেব না ।।দুঃখ আছে, দুঃখ পেতেই হবে—যত দূরে যাবার আছে সে তো যেতেই হবে ।উপর-পানে চেয়ে ওরে  ব্যথা নে রে বক্ষে ধ’রে— নে রে সকলে ।নি:সহায়ের সহায় যিনি বাজবে তাঁরে তোদের বেদনা ।।;রাগ: ভৈরবীতাল: দাদরারচনাকাল (বঙ্গাব্দ): ২৫ আশ্বিন, ১৩১২রচনাকাল (খৃষ্টাব্দ): 1905রচনাস্থান: কলকাতাস্বরলিপিকার: ইন্দিরা দেবী;জাতীয় সংগীত (jateeya-sangeet)
আজ  সবাই জুটে আসুক ছুটে যে যেখানে থাকে—এবার  যার খুশি সে বাঁধন কাটুক, আমরা বাঁধব মাকে ।আমরা  পরান দিয়ে আপন করে  বাঁধব তাঁরে সত্যডোরে,সন্তানেরই বাহুপাশে বাঁধব লক্ষ পাকে ।আজ  ধনী গরিব সবাই সমান ।  আয় রে হিন্দু, আয় মুসলমান—আজকে সকল কাজ পড়ে থাক্‌ , আয় রে লাখে লাখে ।আজ  দাও গো সবার দুয়ার খুলে,  যাও গো সকল ভাবনা ভুলে—সকল ডাকের উপরে আজ মা আমাদের ডাকে ।।;রাগ: অজ্ঞাততাল: অজ্ঞাতরচনাকাল (বঙ্গাব্দ): ২৪ আশ্বিন, ১৩১২রচনাকাল (খৃষ্টাব্দ): 1905রচনাস্থান: কলকাতা;জাতীয় সংগীত (jateeya-sangeet)
